:020000040800F2
:100000000000022059200008FD1D0008051E000800
:100010000D1E0008151E00081D1E0008000000002F
:10002000000000000000000000000000251E000885
:10003000331E000800000000411E00084F1E00088B
:10004000A9200008A9200008A9200008A92000086C
:10005000A9200008A9200008A9200008A92000085C
:10006000A9200008A9200008A9200008A92000084C
:10007000A9200008A9200008A9200008A92000083C
:10008000A9200008A9200008A9200008A92000082C
:10009000A9200008A9200008A9200008A92000081C
:1000A000A9200008A9200008A92000085D1E00085A
:1000B000711E0008A9200008A9200008A920000836
:1000C000A9200008A9200008A9200008A9200008EC
:1000D000A9200008A9200008A9200008A9200008DC
:1000E000851E0008A9200008A9200008A9200008F2
:1000F000A9200008A9200008A9200008A9200008BC
:10010000A9200008A9200008951E0008A9200008C1
:10011000A9200008A9200008A9200008A92000089B
:10012000A9200008A9200008A9200008A92000088B
:10013000A9200008A9200008A9200008A92000087B
:10014000A9200008A9200008A9200008A92000086B
:10015000A9200008A9200008A9200008A92000085B
:10016000A9200008A9200008A9200008A92000084B
:10017000A9200008A9200008A9200008000000000C
:08018000A9200008A9200008D5
:1001900010B5054C237833B9044B13B10448AFF3C1
:1001A00000800123237010BDD80100200000000052
:1001B000BCC2000808B5034B1BB103490348AFF3A9
:1001C000008008BD00000000DC010020BCC2000867
:1001D00001F0FF01102A2BDB10F0070F08D010F8F8
:1001E000013B013A8B422DD010F0070F42B3F6D1FC
:1001F000F0B441EA012141EA014122F007047FF015
:1002000000070023F0E80256083C85EA010586EA6B
:10021000010685FA47F5A3FA87F586FA47F6A5FAA7
:1002200087F68EB9EED1F0BC01F0FF0102F00702B3
:1002300032B110F8013B013A83EA010313B1F8D15E
:100240000020704701387047002D06BF354603383F
:10025000073815F0010F07D1013015F4807F02BF78
:10026000013015F4C03F0130F0BC0138704700BFC9
:10027000034613F8012B002AFBD1181A01387047E6
:1002800081F0004102E000BF83F0004330B54FEA47
:1002900041044FEA430594EA050F08BF90EA020FB4
:1002A0001FBF54EA000C55EA020C7FEA645C7FEA47
:1002B000655C00F0E2804FEA5454D4EB5555B8BF6A
:1002C0006D420CDD2C4480EA020281EA030382EADB
:1002D000000083EA010180EA020281EA0303362D6D
:1002E00088BF30BD11F0004F4FEA01314FF4801C40
:1002F0004CEA113102D0404261EB410113F0004F52
:100300004FEA03334CEA133302D0524263EB430308
:1003100094EA050F00F0A780A4F10104D5F1200EA6
:100320000DDB02FA0EFC22FA05F2801841F1000101
:1003300003FA0EF2801843FA05F359410EE0A5F1D5
:1003400020050EF1200E012A03FA0EFC28BF4CF006
:10035000020C43FA05F3C01851EBE37101F00045BC
:1003600007D54FF0000EDCF1000C7EEB00006EEBC9
:100370000101B1F5801F1BD3B1F5001F0CD3490853
:100380005FEA30004FEA3C0C04F101044FEA4452AA
:1003900012F5800F80F09A80BCF1004F08BF5FEA31
:1003A000500C50F1000041EB045141EA050130BD11
:1003B0005FEA4C0C404141EB0101013C28BFB1F523
:1003C000801FE9D291F0000F04BF01460020B1FA6E
:1003D00081F308BF2033A3F10B03B3F120020CDA41
:1003E0000C3208DD02F1140CC2F10C0201FA0CF01F
:1003F00021FA02F10CE002F11402D8BFC2F1200C84
:1004000001FA02F120FA0CFCDCBF41EA0C01904039
:10041000E41AA2BF01EB0451294330BD6FEA040482
:100420001F3C1CDA0C340EDC04F11404C4F120026D
:1004300020FA04F001FA02F340EA030021FA04F37F
:1004400045EA030130BDC4F10C04C4F1200220FAD6
:1004500002F001FA04F340EA0300294630BD21FA14
:1004600004F0294630BD94F0000F83F4801306BFDA
:1004700081F480110134013D4EE77FEA645C18BFCE
:100480007FEA655C29D094EA050F08BF90EA020F65
:1004900005D054EA000C04BF1946104630BD91EA5D
:1004A000030F1EBF0021002030BD5FEA545C05D160
:1004B0004000494128BF41F0004130BD14F580049F
:1004C0003CBF01F5801130BD01F0004545F0FE4113
:1004D00041F470014FF0000030BD7FEA645C1ABF48
:1004E000194610467FEA655C1CBF0B46024650EA7F
:1004F000013406BF52EA033591EA030F41F40021AB
:1005000030BD00BF90F0000F04BF0021704730B530
:100510004FF4806404F132044FF000054FF0000105
:1005200050E700BF90F0000F04BF0021704730B5C6
:100530004FF4806404F1320410F0004548BF40429B
:100540004FF000013EE700BF42004FEAE2014FEAF0
:1005500031014FEA02701FBF12F07F4393F07F4FCB
:1005600081F06051704732F07F4208BF704793F0CE
:100570007F4F04BF41F40021704730B54FF46074E1
:1005800001F0004521F000411CE700BF50EA0102E4
:1005900008BF704730B54FF000050AE050EA01028D
:1005A00008BF704730B511F0004502D5404261EBFD
:1005B00041014FF4806404F132045FEA915C3FF43E
:1005C000D8AE4FF003025FEADC0C18BF03325FEADB
:1005D000DC0C18BF033202EBDC02C2F1200300FA8C
:1005E00003FC20FA02F001FA03FE40EA0E0021FAB1
:1005F00002F11444BDE600BF70B54FF0FF0C4CF49F
:10060000E06C1CEA11541DBF1CEA135594EA0C0F50
:1006100095EA0C0F00F0DEF82C4481EA030621EA8B
:100620004C5123EA4C5350EA013518BF52EA0335C6
:1006300041F4801143F4801338D0A0FB02CE4FF078
:100640000005E1FB02E506F00042E0FB03E54FF0A8
:100650000006E1FB03569CF0000F18BF4EF0010EA0
:10066000A4F1FF04B6F5007F64F5407404D25FEA9C
:100670004E0E6D4146EB060642EAC62141EA55514F
:100680004FEAC52040EA5E504FEACE2EB4F1FD0C91
:1006900088BFBCF5E06F1ED8BEF1004F08BF5FEA0F
:1006A000500E50F1000041EB045170BD06F00046C1
:1006B00046EA010140EA020081EA0301B4EB5C046E
:1006C000C2BFD4EB0C0541EA045170BD41F4801166
:1006D0004FF0000E013C00F3AB8014F1360FDEBF8B
:1006E000002001F0004170BDC4F10004203C35DA67
:1006F0000C341BDC04F11404C4F1200500FA05F3EA
:1007000020FA04F001FA05F240EA020001F000428A
:1007100021F0004110EBD37021FA04F642EB060100
:100720005EEA430E08BF20EAD37070BDC4F10C042A
:10073000C4F1200500FA04F320FA05F001FA04F2EE
:1007400040EA020001F0004110EBD37041F10001DA
:100750005EEA430E08BF20EAD37070BDC4F12005E5
:1007600000FA05F24EEA020E20FA04F301FA05F24D
:1007700043EA020321FA04F001F0004121FA04F2F5
:1007800020EA020000EBD3705EEA430E08BF20EAC5
:10079000D37070BD94F0000F0FD101F000464000FF
:1007A00041EB010111F4801F08BF013CF7D041EA81
:1007B000060195F0000F18BF704703F00046520085
:1007C00043EB030313F4801F08BF013DF7D043EA56
:1007D0000603704794EA0C0F0CEA135518BF95EA0C
:1007E0000C0F0CD050EA410618BF52EA4306D1D193
:1007F00081EA030101F000414FF0000070BD50EAB2
:10080000410606BF1046194652EA430619D094EA3B
:100810000C0F02D150EA013613D195EA0C0F05D125
:1008200052EA03361CBF104619460AD181EA030179
:1008300001F0004141F0FE4141F470014FF0000031
:1008400070BD41F0FE4141F4780170BD70B54FF0CC
:10085000FF0C4CF4E06C1CEA11541DBF1CEA13554C
:1008600094EA0C0F95EA0C0F00F0A7F8A4EB05042E
:1008700081EA030E52EA03354FEA013100F0888025
:100880004FEA03334FF0805545EA131343EA1263EE
:100890004FEA022245EA111545EA10654FEA0026A3
:1008A0000EF000419D4208BF964244F1FD0404F55C
:1008B000407402D25B084FEA3202B61A65EB0305B8
:1008C0005B084FEA32024FF480104FF4002CB6EB75
:1008D000020E75EB030E22BFB61A754640EA0C00F5
:1008E0005B084FEA3202B6EB020E75EB030E22BF35
:1008F000B61A754640EA5C005B084FEA3202B6EB76
:10090000020E75EB030E22BFB61A754640EA9C0034
:100910005B084FEA3202B6EB020E75EB030E22BF04
:10092000B61A754640EADC0055EA060E18D04FEAC2
:10093000051545EA16754FEA06164FEAC30343EA62
:1009400052734FEAC2025FEA1C1CC0D111F4801F2F
:100950000BD141EA00014FF000004FF0004CB6E728
:1009600011F4801F04BF01430020B4F1FD0C88BFC7
:10097000BCF5E06F3FF6AFAEB5EB030C04BFB6EBD2
:10098000020C5FEA500C50F1000041EB045170BDC5
:100990000EF0004E4EEA113114EB5C04C2BFD4EBF2
:1009A0000C0541EA045170BD41F480114FF0000E76
:1009B000013C90E645EA060E8DE60CEA135594EAF2
:1009C0000C0F08BF95EA0C0F3FF43BAF94EA0C0FF5
:1009D0000AD150EA01347FF434AF95EA0C0F7FF46A
:1009E00025AF104619462CE795EA0C0F06D152EABE
:1009F00003353FF4FDAE1046194622E750EA4106A2
:100A000018BF52EA43067FF4C5AE50EA41047FF4B2
:100A10000DAF52EA43057FF4EBAE12E74FF0FF3C17
:100A200006E000BF4FF0010C02E000BF4FF0010CE8
:100A30004DF804CD4FEA410C7FEA6C5C4FEA430C61
:100A400018BF7FEA6C5C1BD001B050EA410C0CBFB0
:100A500052EA430C91EA030F02BF90EA020F002012
:100A6000704710F1000F91EA030F58BF994208BF79
:100A700090422CBFD8176FEAE37040F00100704736
:100A80004FEA410C7FEA6C5C02D150EA013C07D18D
:100A90004FEA430C7FEA6C5CD6D152EA033CD3D0D8
:100AA0005DF8040B704700BF8446104662468C46D2
:100AB0001946634600E000BF01B5FFF7B7FF002805
:100AC00048BF10F1000F01BD4DF808EDFFF7F4FF2E
:100AD0000CBF012000205DF808FB00BF4DF808EDB9
:100AE000FFF7EAFF34BF012000205DF808FB00BFDC
:100AF0004DF808EDFFF7E0FF94BF012000205DF8FE
:100B000008FB00BF4DF808EDFFF7CEFF94BF0120B2
:100B100000205DF808FB00BF4DF808EDFFF7C4FFAB
:100B200034BF012000205DF808FB00BF4FEA410CF4
:100B30007FEA6C5C02D150EA013C0AD14FEA430CD7
:100B40007FEA6C5C02D152EA033C02D14FF0000014
:100B500070474FF0010070474FEA410212F5001252
:100B600015D211D56FF47873B3EB625212D94FEAF4
:100B7000C12343F0004343EA505311F0004F23FADE
:100B800002F018BF404270474FF00000704750EA33
:100B9000013005D111F0004008BF6FF000407047F0
:100BA0004FF00000704700BF4A0011D212F500124A
:100BB00011D20DD56FF47873B3EB62520ED44FEAB5
:100BC000C12343F0004343EA505323FA02F0704735
:100BD0004FF00000704750EA013002D14FF0FF3073
:100BE00070474FF0000070474FEA4102B2F1E04316
:100BF00024BFB3F5001CDCF1FE5C0DD901F0004C04
:100C00004FEAC0024CEA5070B2F1004F40EB830053
:100C100008BF20F00100704711F0804F21D113F17F
:100C20003872BCBF01F00040704741F480114FEAB8
:100C30005252C2F11802C2F1200C10FA0CF320FA41
:100C400002F018BF40F001004FEAC1234FEAD3235E
:100C500003FA0CFC40EA0C0023FA02F34FEA4303C8
:100C6000CCE77FEA625307D150EA01331EBF4FF051
:100C7000FE4040F44000704701F0004040F0FE406C
:100C800040F40000704700BF53B94AB9002908BFBB
:100C900000281CBF4FF0FF314FF0FF3000F0BEB90D
:100CA000ADF1080C6DE904CE00F03CF8DDF804E08D
:100CB000DDE9022304B0704738B500220023044662
:100CC0000D46FFF70BFF28B920462946BDE83840FE
:100CD00000F00AB8204605F1004100F005F8404256
:100CE00061EB410138BD00BFD0B50C4B0022064678
:100CF0000F46FFF781FCFFF757FF0446FFF702FCA2
:100D0000074B0022FFF778FC02460B463046394677
:100D1000FFF7BAFAFFF748FF2146D0BD0000F03DCB
:100D20000000F0412DE9F047089D8E4604468846B4
:100D3000002B4AD18A42174662D9B2FA82F64EB1E6
:100D4000C6F1200301FA06F820FA03F3B74043EA9C
:100D50000808B4404FEA174E1FFA87FCB8FBFEF1B3
:100D6000230C0EFB118843EA084301FB0CF29A4264
:100D700009D9FB1801F1FF3080F0EA809A4240F275
:100D8000E78002393B449A1AA3B2B2FBFEF00EFB95
:100D9000102243EA024300FB0CFC9C4509D9FB18D6
:100DA00000F1FF3280F0D6809C4540F2D3803B4476
:100DB000023840EA0140A3EB0C0300211DB1F340CF
:100DC0000022C5E90032BDE8F0878B4205D90DB19C
:100DD000C5E9000100210846F5E7B3FA83F10029CF
:100DE00046D1734502D3824200F20581841A6EEB2C
:100DF000030201209046002DE5D0C5E90048E2E756
:100E0000002A00F09080B2FA82F6002E40F0A48012
:100E10008A1A030C4FEA174E80B2BCB20121B2FB12
:100E2000FEFC0EFB1C2243EA024304FB0CF29A4236
:100E300007D9FB180CF1FF3802D29A4200F2E08089
:100E4000C4469B1AB3FBFEF20EFB123340EA034387
:100E500002FB04F49C4207D9FB1802F1FF3002D2D6
:100E60009C4200F2CA8002461B1B42EA0C40A5E7E6
:100E7000C1F120068B4022FA06F71F430EFA01F457
:100E800020FA06F32EFA06FE4FEA1749234300FA2A
:100E900001F81FFA87FCBEFBF9F01C0C09FB10EEF1
:100EA00044EA0E4400FB0CFEA64502FA01F209D901
:100EB0003C1900F1FF3A80F09C80A64540F29980F1
:100EC00002383C44A4EB0E041FFA83FEB4FBF9F392
:100ED00009FB13444EEA044403FB0CFCA44508D967
:100EE0003C1903F1FF3E80F08280A4457FD9023B8C
:100EF0003C4443EA0040A4EB0C04A0FB02EC644534
:100F00007346E14662D35FD05DB1B8EB030264EB98
:100F1000090404FA06F622FA01F31E43CC40C5E99F
:100F2000006400214FE7B1FBF2FC010C41EA0E41E5
:100F300080B240EA01423B4638463C46B846BE468F
:100F40002026B1FBF7F1A2EB080241EA0C4166E76B
:100F5000014618E710462CE7C6F120022EFA02F3EC
:100F6000B740B14020FA02F24FEA174E0A43B3FBF2
:100F7000FEF8BCB20EFB1833110C41EA034108FB2A
:100F800004F9B04089454FEA104380B23ED9791840
:100F900008F1FF3C01D289451FD8A1EB0901B1FB43
:100FA000FEF909FB04F80EFB191192B242EA014264
:100FB000424529D2BA1809F1FF31C4D24245C2D202
:100FC000A9F102013A44BEE7F0459DD2BEEB02030F
:100FD0006CEB070C0138E14696E7A7EB0909494499
:100FE000A8F1020CB1FBFEF909FB04F8DBE773463C
:100FF0007FE7504666E70846FDE63B44023A33E7A2
:10100000ACF1020C3B441CE749469CE7A1EB09010B
:10101000C446B1FBFEF909FB04F8C4E7704700BF02
:1010200080B582B000AF01F041F800F041F900F066
:101030003DFC00F009FB00F09FFB00F0D1F900F04F
:1010400093FA00F009FC00F0F9F900F09BF94FF475
:101050007A71072005F00CFD05F07EFC05F02EF8F6
:1010600005F014F805F018FD05F07CFD05F08AFC8C
:10107000834B9B7CDBB2002B5AD0814B00229A74AD
:101080007F4B1B7CDBB2002B0DD17E4B5B6B7C4A14
:1010900013607B4B01221A747A4B1B6A794A43F026
:1010A0000203136244E0774B5B6B754A5360744BE9
:1010B0005A68734B1B689A4207D9714B5A68704B38
:1010C0001B68D31A6E4A936009E06D4B5A686C4BEB
:1010D0001B68D31A03F57F43FF33694A9360684B5B
:1010E0009B68B3F5AF6F04D9654B42F20F72DA60BB
:1010F0000CE0634B9A6813461B011344624AA2FB3F
:1011000003235B099BB21A465D4BDA605C4B0122FC
:101110005A745B4B00221A745A4B1B6A594A23F0CB
:1011200002031362574BDB68564A23F00203D36075
:10113000534B93F82630DBB2002B5FD0504B00228C
:1011400083F826204E4B93F82430DBB2002B0ED1CF
:101150004C4B9B6B4A4A5361494B012283F8242034
:10116000484B1B6A474A43F00403136246E0454B71
:101170009B6B434A9361424B9A69414B5B699A422C
:1011800007D93F4B9A693E4B5B69D31A3C4AD361FE
:1011900009E03B4B9A693A4B5B69D31A03F57F43ED
:1011A000FF33374AD361364BDB69B3F5AF6F04D9F0
:1011B000334B42F20F721A620CE0314BDA6913467C
:1011C0001B011344304AA2FB03235B099BB21A465E
:1011D0002B4B1A622A4B012283F82520284B002230
:1011E00083F82420274B1B6A264A23F0040313624A
:1011F000244BDB68234A23F00403D360234B93ED95
:10120000067A234BD3ED067A77EE277AB6EE007A8C
:1012100067EE877AC7ED017A1E4B1B78002B13D13E
:101220001D4B1E4A1A60D7ED017AB7EE007AF4EE34
:10123000C77AF1EE10FA21DB9FED190A05F0A4F848
:10124000144B01221A7013E7124B1B78012B7FF409
:101250000FAF144B93F82430002B3FF409AF0B4B26
:101260004FF000029A610A4B4FF000029A610E4B58
:101270001B680E4A1360074B00221A70F8E600BF85
:10128000AC040020000001401F85EB5168040020E1
:10129000880400201C040020080400209A99193EAC
:1012A0000000B4C23C040020E00400201804002028
:1012B00080B594B000AF07F120033022002118461A
:1012C00006F0ADFE07F10C0300221A605A609A6026
:1012D000DA601A610023BB60284B1B6C274A43F07D
:1012E00080531364254B1B6C03F08053BB60BB68B9
:1012F00000237B60224B1B68214A43F48043136028
:101300001F4B1B6803F480437B607B6801233B62B7
:101310004FF480337B620223BB634FF48003FB6393
:1013200004233B64A8237B640223BB640423FB6483
:1013300007F12003184602F053FA0346002B01D0B0
:1013400000F050FB0F23FB6002233B6100237B6115
:101350004FF4A053BB614FF48053FB6107F10C03C2
:101360000521184602F0B4FC0346002B01D000F022
:1013700039FB00BF5037BD4680BD00BF003802407A
:101380000070004080B500AF124B134A1A60114B39
:10139000124A5A600F4B00229A600E4B0022DA600C
:1013A0000C4B4FF480421A610A4B00225A61094BE0
:1013B00000229A61074B0022DA61064B00221A6272
:1013C000044801F0E9F90346002B01D000F00AFBC4
:1013D00000BF80BDF401002000540040A086010041
:1013E00080B500AF124B134A1A60114B124A5A6073
:1013F0000F4B00229A600E4B0022DA600C4B4FF428
:1014000080421A610A4B00225A61094B00229A61FC
:10141000074B0022DA61064B00221A62044801F0F1
:10142000BBF90346002B01D000F0DCFA00BF80BD01
:101430004802002000580040A086010080B58AB014
:1014400000AF07F1180300221A605A609A60DA6050
:1014500007F1100300221A605A603B4600221A600E
:101460005A609A60DA603E4B3E4A1A603C4BA722B3
:101470005A603B4B00229A60394B4FF6FF72DA609C
:10148000374B00221A61364B00225A61344B00223E
:101490009A61334802F03CFE0346002B01D000F075
:1014A000A1FA4FF48053BB6107F1180319462C4889
:1014B00003F0D8FB0346002B01D000F093FA284834
:1014C00003F000F80346002B01D000F08BFA002354
:1014D0003B6100237B6107F110031946204804F0AB
:1014E000F1F80346002B01D000F07CFA00233B60AA
:1014F00001237B600023BB600023FB603B4600228E
:101500001946174803F050FA0346002B01D000F0AB
:1015100069FA0423FB603B4604221946104803F095
:1015200043FA0346002B01D000F05CFA3B46082248
:1015300019460B4803F038FA0346002B01D000F09F
:1015400051FA3B460C221946054803F02DFA034692
:10155000002B01D000F046FA00BF2837BD4680BD01
:101560009C0200200000014080B58AB000AF07F166
:10157000180300221A605A609A60DA6007F11003BB
:1015800000221A605A603B4600221A605A609A6034
:10159000DA602C4B4FF080421A602A4B53225A607B
:1015A000284B00229A60274B4FF0FF32DA60254B20
:1015B00000221A61234B00229A61224802F0A8FD02
:1015C0000346002B01D000F00DFA4FF48053BB61AD
:1015D00007F1180319461B4803F044FB0346002B90
:1015E00001D000F0FFF9174802F06CFF0346002B12
:1015F00001D000F0F7F900233B6100237B6107F184
:10160000100319460F4804F05DF80346002B01D083
:1016100000F0E8F900233B6001237B600023BB60FE
:101620000723FB603B4600221946064803F0BCF93D
:101630000346002B01D000F0D5F900BF2837BD4686
:1016400080BD00BFE402002080B58EB000AF07F17E
:10165000280300221A605A609A60DA6007F12003BA
:1016600000221A605A603B1D00221A605A609A607C
:10167000DA601A615A619A613D4B3E4A1A603C4BEE
:10168000A7225A603A4B00229A60394B40F2E73267
:10169000DA60374B00221A61354B00229A613448D8
:1016A00002F036FD0346002B01D000F09BF94FF409
:1016B0008053BB6207F1280319462D4803F0D2FA84
:1016C0000346002B01D000F08DF9294802F0D8FD27
:1016D0000346002B01D000F085F900233B62002374
:1016E0007B6207F120031946214803F0EBFF034614
:1016F000002B01D000F076F960237B600023BB60F3
:101700000023FB6000237B613B1D00221946184823
:1017100003F0E6F90346002B01D000F063F93B1D0E
:1017200004221946124803F0DBF90346002B01D0CE
:1017300000F058F93B1D082219460D4803F0D0F976
:101740000346002B01D000F04DF93B1D0C22194639
:10175000074803F0C5F90346002B01D000F042F919
:10176000034800F0C9FA00BF3837BD4680BD00BF4E
:101770002C0300200008004080B58AB000AF07F1BC
:10178000180300221A605A609A60DA6007F11003A9
:1017900000221A605A603B4600221A605A609A6022
:1017A000DA602B4B2B4A1A60294B53225A60284B84
:1017B00000229A60264B4FF0FF32DA60244B002261
:1017C0001A61234B00229A61214802F0A1FC0346D2
:1017D000002B01D000F006F94FF48053BB6107F1F4
:1017E000180319461A4803F03DFA0346002B01D0AE
:1017F00000F0F8F8164802F065FE0346002B01D011
:1018000000F0F0F800233B6100237B6107F1100337
:1018100019460F4803F056FF0346002B01D000F095
:10182000E1F800233B6001237B600023BB600723BA
:10183000FB603B4604221946054803F0B5F8034611
:10184000002B01D000F0CEF800BF2837BD4680BD88
:1018500074030020000C004080B500AF114B124A09
:101860001A60104B4FF4E1325A600E4B00229A601E
:101870000C4B0022DA600B4B00221A61094B0C2240
:101880005A61084B00229A61064B0022DA61054832
:1018900003F0A8FF0346002B01D000F0A3F800BF1F
:1018A00080BD00BFBC0300200010014080B58AB09D
:1018B00000AF07F1140300221A605A609A60DA60E0
:1018C0001A6100233B61434B1B6B424A43F0800388
:1018D0001363404B1B6B03F080033B613B690023A8
:1018E000FB603C4B1B6B3B4A43F001031363394BDA
:1018F0001B6B03F00103FB60FB680023BB60354BEF
:101900001B6B344A43F010031363324B1B6B03F021
:101910001003BB60BB6800237B602E4B1B6B2D4A02
:1019200043F0020313632B4B1B6B03F002037B603A
:101930007B6800233B60274B1B6B264A43F0080360
:101940001363244B1B6B03F008033B603B680022CE
:101950004021214800F0EEFE00224FF470611F4844
:1019600000F0E8FE40237B610123BB610023FB61A3
:1019700000233B6207F114031946174800F03EFDAF
:101980004FF480537B614FF48813BB610023FB61EC
:1019900007F114031946124800F030FD4FF470634C
:1019A0007B610123BB610023FB6100233B6207F1E4
:1019B00014031946094800F021FD002202212820C5
:1019C00000F0E5FC282000F0FEFC00BF2837BD46F3
:1019D00080BD00BF0038024000000240000C024001
:1019E0000004024080B400AF72B600BF00BFFDE744
:1019F00080B483B000AF00237B60104B5B6C0F4A58
:101A000043F4804353640D4B5B6C03F480437B6071
:101A10007B6800233B60094B1B6C084A43F08053F2
:101A20001364064B1B6C03F080533B603B6800BFA4
:101A30000C37BD465DF8047B704700BF003802409C
:101A400080B58CB000AF786007F11C0300221A60EB
:101A50005A609A60DA601A617B681B68334A934265
:101A60002DD10023BB61324B1B6B314A43F0020383
:101A700013632F4B1B6B03F00203BB61BB694FF475
:101A80004073FB6112233B6200237B620323BB6232
:101A90000423FB6207F11C031946264800F0AEFC44
:101AA00000237B61224B1B6C214A43F40013136417
:101AB0001F4B1B6C03F400137B617B6931E07B6877
:101AC0001B681D4A93422CD100233B61184B1B6BB2
:101AD000174A43F002031363154B1B6B03F0020319
:101AE0003B613B694FF44063FB6112233B6200237F
:101AF0007B620323BB620423FB6207F11C031946CC
:101B00000C4800F07BFC0023FB60094B1B6C084A6F
:101B100043F480031364064B1B6C03F48003FB60E7
:101B2000FB6800BF3037BD4680BD00BF0054004099
:101B300000380240000402400058004080B58EB0DA
:101B400000AF786007F1240300221A605A609A609F
:101B5000DA601A617B681B68614A934235D10023C1
:101B60003B62604B5B6C5F4A43F0010353645D4B27
:101B70005B6C03F001033B623B6A0023FB61594B42
:101B80001B6B584A43F010031363564B1B6B03F057
:101B90001003FB61FB694FF4D4437B620223BB62F9
:101BA0000023FB6200233B6301237B6307F12403D3
:101BB00019464D4800F022FC002204211B2000F0B1
:101BC000E6FB1B2000F0FFFB86E07B681B68B3F19F
:101BD000804F34D10023BB61424B1B6C414A43F020
:101BE000010313643F4B1B6C03F00103BB61BB6932
:101BF00000237B613B4B1B6B3A4A43F001031363A9
:101C0000384B1B6B03F001037B617B6901237B6213
:101C10000223BB620023FB6200233B6301237B633F
:101C200007F124031946314800F0E8FB00220121A6
:101C30001C2000F0ACFB1C2000F0C5FB4CE07B68D6
:101C40001B682B4A93420ED100233B61254B1B6C32
:101C5000244A43F004031364224B1B6C03F0040377
:101C60003B613B6938E07B681B68224A934233D171
:101C70000023FB601B4B1B6C1A4A43F008031364E0
:101C8000184B1B6C03F00803FB60FB680023BB6070
:101C9000144B1B6B134A43F001031363114B1B6B73
:101CA00003F00103BB60BB6802237B620223BB62BB
:101CB0000023FB6200233B6302237B6307F12403C1
:101CC00019460A4800F09AFB00220121322000F058
:101CD0005EFB322000F077FB00BF3837BD4680BD89
:101CE00000000140003802400010024000000240A5
:101CF00000080040000C004080B588B000AF78605C
:101D000007F10C0300221A605A609A60DA601A61C7
:101D10007B681B68124A93421ED10023BB60114BA3
:101D20001B6B104A43F0080313630E4B1B6B03F04D
:101D30000803BB60BB684FF47043FB6002233B6148
:101D400000237B610023BB610223FB6107F10C03CD
:101D50001946054800F052FB00BF2037BD4680BD44
:101D60000008004000380240000C024080B58AB0F4
:101D700000AF786007F1140300221A605A609A607D
:101D8000DA601A617B681B68194A93422BD10023E1
:101D90003B61184B5B6C174A43F010035364154BBF
:101DA0005B6C03F010033B613B690023FB60114B4C
:101DB0001B6B104A43F0020313630E4B1B6B03F0C3
:101DC0000203FB60FB68C0237B610223BB6100232D
:101DD000FB6103233B6207237B6207F1140319466F
:101DE000054800F00BFB00BF2837BD4680BD00BF93
:101DF00000100140003802400004024080B400AFEF
:101E000000BFFDE780B400AF00BFFDE780B400AFC6
:101E100000BFFDE780B400AF00BFFDE780B400AFB6
:101E200000BFFDE780B400AF00BFBD465DF8047B96
:101E3000704780B400AF00BFBD465DF8047B7047BB
:101E400080B400AF00BFBD465DF8047B704780B52D
:101E500000AF00F07DF900BF80BD000080B500AF8D
:101E6000024802F0B1FC00BF80BD00BF9C02002010
:101E700080B500AF024802F0A7FC00BF80BD00BFE4
:101E8000E402002080B500AF4FF4805000F06CFCFD
:101E900000BF80BD80B500AF024802F095FC00BFD6
:101EA00080BD00BF7403002080B400AF012318463A
:101EB000BD465DF8047B704780B582B000AF7860A6
:101EC000396006F0FFF8034616221A604FF0FF3320
:101ED00018460837BD4680BD80B582B000AF786037
:101EE0004FF0FF317868FFF7E7FF00BFFDE780B5EF
:101EF00086B000AFF860B9607A6000237B610AE0C9
:101F0000AFF300800146BB685A1CBA60CAB21A70AF
:101F10007B6901337B617A697B689A42F0DB7B687D
:101F200018461837BD4680BD80B586B000AFF86052
:101F3000B9607A6000237B6109E0BB685A1CBA6013
:101F40001B781846AFF300807B6901337B617A69A7
:101F50007B689A42F1DB7B6818461837BD4680BD26
:101F600080B483B000AF78604FF0FF3318460C3771
:101F7000BD465DF8047B704780B483B000AF7860E5
:101F800039603B684FF400525A60002318460C3702
:101F9000BD465DF8047B704780B483B000AF7860C5
:101FA000012318460C37BD465DF8047B704780B4AA
:101FB00085B000AFF860B9607A6000231846143726
:101FC000BD465DF8047B704780B586B000AF786091
:101FD000144A154BD31A7B617B693B61134B1B6819
:101FE000002B02D1114B124A1A60104B1A687B6801
:101FF00013443A699A4207D206F064F803460C2269
:102000001A604FF0FF3309E0084B1B68FB60074B79
:102010001A687B681344054A1360FB681846183732
:10202000BD4680BD00000220000400002004002006
:102030009806002080B400AF064BD3F88830054ADC
:1020400043F47003C2F8883000BFBD465DF8047BDE
:10205000704700BF00ED00E0DFF834D0FFF7EAFF83
:102060000C480D490D4A002302E0D458C4500433F3
:10207000C4188C42F9D30A4A0A4C002301E01360C9
:102080000432A242FBD306F023F8FEF7C9FF7047E3
:102090000000022000000020D8010020FCCA000837
:1020A000D801002094060020FEE7000080B500AFB4
:1020B0000E4B1B680D4A43F4007313600B4B1B68F7
:1020C0000A4A43F480631360084B1B68074A43F4D1
:1020D00080731360032000F04FF90F2000F008F820
:1020E000FFF786FC0023184680BD00BF003C02407D
:1020F00080B582B000AF7860124B1A68124B1B7823
:1021000019464FF47A73B3FBF1F3B2FBF3F31846BD
:1021100000F067F90346002B01D001230EE07B6835
:102120000F2B0AD8002279684FF0FF3000F02FF90A
:10213000064A7B681360002300E001231846083735
:10214000BD4680BD040000200C00002008000020D7
:1021500080B400AF064B1B781A46064B1B6813442D
:10216000044A136000BFBD465DF8047B704700BFA2
:102170000C0000202404002080B400AF034B1B6837
:102180001846BD465DF8047B704700BF240400205C
:1021900080B584B000AF7860FFF7EEFFB8607B6871
:1021A000FB60FB68B3F1FF3F05D00A4B1B781A4672
:1021B000FB681344FB6000BFFFF7DEFF0246BB680D
:1021C000D31AFA689A42F7D800BF00BF1037BD464D
:1021D00080BD00BF0C00002080B485B000AF7860E7
:1021E0007B6803F00703FB600C4BDB68BB60BA68DD
:1021F0004FF6FF031340BB60FB681A02BB68134332
:1022000043F0BF6343F40033BB60044ABB68D36050
:1022100000BF1437BD465DF8047B704700ED00E059
:1022200080B400AF044BDB681B0A03F007031846B9
:10223000BD465DF8047B704700ED00E080B483B0DC
:1022400000AF0346FB7197F90730002B0BDBFB79DE
:1022500003F01F02074997F907305B09012000FAD4
:1022600002F241F8232000BF0C37BD465DF8047B25
:10227000704700BF00E100E080B483B000AF0346C8
:102280003960FB7197F90730002B0ADB3B68DAB243
:102290000C4997F907301201D2B20B4483F800239E
:1022A0000AE03B68DAB20849FB7903F00F03043B0C
:1022B0001201D2B20B441A7600BF0C37BD465DF84E
:1022C000047B704700E100E000ED00E080B489B0DD
:1022D00000AFF860B9607A60FB6803F00703FB6148
:1022E000FB69C3F10703042B28BF0423BB61FB690F
:1022F0000433062B02D9FB69033B00E000237B611A
:102300004FF0FF32BB6902FA03F3DA43BB681A40AD
:102310007B699A404FF0FF317B6901FA03F3D9439F
:102320007B680B40134318462437BD465DF8047B99
:102330007047000080B582B000AF78607B68013BD9
:10234000B3F1807F01D301230FE00A4A7B68013B90
:1023500053600F214FF0FF30FFF78EFF054B002237
:102360009A60044B07221A60002318460837BD46BE
:1023700080BD00BF10E000E080B582B000AF7860A3
:102380007868FFF729FF00BF0837BD4680BD80B5DC
:1023900086B000AF0346B9607A60FB7300237B61AF
:1023A000FFF73EFF78617A68B9687869FFF78EFFBA
:1023B000024697F90F3011461846FFF75DFF00BF40
:1023C0001837BD4680BD80B582B000AF0346FB71B3
:1023D00097F907301846FFF731FF00BF0837BD46B1
:1023E00080BD80B582B000AF78607868FFF7A2FF4B
:1023F000034618460837BD4680BD000080B489B04A
:1024000000AF7860396000237B6100233B610023CB
:10241000BB610023FB616BE10122FB6902FA03F35C
:102420007B613B681B687A6913403B613A697B6951
:102430009A4240F05A813B685B6803F00303012B2A
:1024400005D03B685B6803F00303022B30D17B6847
:102450009B68BB61FB695B00032202FA03F3DB4369
:10246000BA691340BB613B68DA68FB695B0002FA3A
:1024700003F3BA691343BB617B68BA699A607B68EE
:102480005B68BB610122FB6902FA03F3DB43BA69B3
:102490001340BB613B685B681B0903F00102FB69E9
:1024A00002FA03F3BA691343BB617B68BA695A60E5
:1024B0003B685B6803F00303032B17D07B68DB6882
:1024C000BB61FB695B00032202FA03F3DB43BA69D9
:1024D0001340BB613B689A68FB695B0002FA03F337
:1024E000BA691343BB617B68BA69DA603B685B68B1
:1024F00003F00303022B23D1FB69DA087B6808325F
:1025000053F82230BB61FB6903F007039B000F22E5
:1025100002FA03F3DB43BA691340BB613B681A69F3
:10252000FB6903F007039B0002FA03F3BA69134344
:10253000BB61FB69DA087B680832B96943F822108D
:102540007B681B68BB61FB695B00032202FA03F333
:10255000DB43BA691340BB613B685B6803F003026D
:10256000FB695B0002FA03F3BA691343BB617B6842
:10257000BA691A603B685B6803F44033002B00F0D3
:10258000B4800023FB60604B5B6C5F4A43F4804384
:1025900053645D4B5B6C03F48043FB60FB685B4AF8
:1025A000FB699B08023352F82330BB61FB6903F0DF
:1025B00003039B000F2202FA03F3DB43BA691340C3
:1025C000BB617B68524A93422BD07B68514A93424D
:1025D00025D07B68504A93421FD07B684F4A934274
:1025E00019D07B684E4A934213D07B684D4A934280
:1025F0000DD07B684C4A934207D07B684B4A93428C
:1026000001D107230EE008230CE006230AE005238E
:1026100008E0042306E0032304E0022302E0012390
:1026200000E00023FA6902F0030292009340BA69C5
:102630001343BB613549FB699B080233BA6941F812
:1026400023203B4B9B68BB613B69DB43BA6913406A
:10265000BB613B685B6803F48013002B03D0BA694D
:102660003B691343BB61324ABB699360304BDB6803
:10267000BB613B69DB43BA691340BB613B685B6884
:1026800003F40013002B03D0BA693B691343BB6109
:10269000274ABB69D360264B5B68BB613B69DB4360
:1026A000BA691340BB613B685B6803F40033002BDD
:1026B00003D0BA693B691343BB611D4ABB695360D0
:1026C0001B4B1B68BB613B69DB43BA691340BB61B1
:1026D0003B685B6803F48033002B03D0BA693B6925
:1026E0001343BB61124ABB691360FB690133FB6191
:1026F000FB690F2B7FF690AE00BF00BF2437BD46AD
:102700005DF8047B704700BF00380240003801408C
:10271000000002400004024000080240000C024099
:10272000001002400014024000180240001C024049
:10273000003C014080B483B000AF78600B467B80E2
:1027400013467B707B78002B03D07A887B689A6174
:1027500003E07B881A047B689A6100BF0C37BD4692
:102760005DF8047B7047000080B582B000AF03467F
:10277000FB80084B5A69FB881340002B06D0054AA2
:10278000FB885361FB88184604F022FB00BF083722
:10279000BD4680BD003C014080B584B000AF78608C
:1027A0007B68002B01D101232BE17B6893F83D303E
:1027B000DBB2002B06D17B68002283F83C207868CE
:1027C000FFF73EF97B68242283F83D207B681B6875
:1027D0001A687B681B6822F001021A607B681B681C
:1027E0001A687B681B6842F400421A607B681B68A9
:1027F0001A687B681B6822F400421A6001F060FCD2
:10280000F8607B685B68814A934207D8FB68804A1E
:10281000934294BF01230023DBB206E0FB687D4AAC
:10282000934294BF01230023DBB2002B01D001238C
:10283000E7E0FB68784AA2FB03239B0CBB607B6844
:102840001B685B6823F03F017B681B68BA680A431A
:102850005A607B681B681B6A23F03F017B685B68DA
:102860006A4A934202D8BB68013309E0BB684FF45F
:10287000967202FB03F3694AA2FB03239B0901330F
:102880007A6812680B4313627B681B68DB6923F468
:102890004F4222F0FF027B685B685C498B4219D88B
:1028A000FB68591E7B685B685B00B1FBF3F3591C46
:1028B00040F6FC730B40002B0AD0FB68591E7B6866
:1028C0005B685B00B1FBF3F30133C3F30B0351E02F
:1028D00004234FE07B689B68002B11D1FB68581ED6
:1028E0007B6859680B465B000B44B0FBF3F3013384
:1028F000C3F30B03002B0CBF01230023DBB212E058
:10290000FB68581E7B6859680B469B000B44990076
:102910000B44B0FBF3F30133C3F30B03002B0CBFE9
:1029200001230023DBB2002B01D0012322E07B68CE
:102930009B68002B0ED1FB68581E7B6859680B46BC
:102940005B000B44B0FBF3F30133C3F30B0343F41D
:1029500000430FE0FB68581E7B6859680B469B00DC
:102960000B4499000B44B0FBF3F30133C3F30B03A7
:1029700043F44043796809681343CB617B681B6863
:102980001B6823F0C0017B68DA697B681B6A1A4305
:102990007B681B680A431A607B681B689B6823F48A
:1029A000034323F0FF037A6811697A68D268114300
:1029B0007A6812680B4393607B681B68DB6823F0BE
:1029C000FF017B685A697B689B691A437B681B68B7
:1029D0000A43DA607B681B681A687B681B6842F0F0
:1029E00001021A607B6800221A647B68202283F847
:1029F0003D207B6800221A637B68002283F83E201A
:102A0000002318461037BD4680BD00BFA0860100D8
:102A10007F841E00FF083D0083DE1B43D34D621000
:102A200080B588B002AFF860084611461A460346E2
:102A30007B810B463B811346FB80FFF79DFB786152
:102A4000FB6893F83D30DBB2202B40F0D9807B69E6
:102A50000093192301226D49F86800F08BFC0346AE
:102A6000002B01D00223CCE0FB6893F83C30012B13
:102A700001D10223C5E0FB68012283F83C20FB68FA
:102A80001B681B6803F00103012B07D0FB681B6860
:102A90001A68FB681B6842F001021A60FB681B6839
:102AA0001A68FB681B6822F400621A60FB68212226
:102AB00083F83D20FB68402283F83E20FB6800221B
:102AC0001A64FB683A6A5A62FB68BA8C5A85FB68DA
:102AD0005B8D9AB2FB681A85FB684D4ADA62F8880A
:102AE0003A8979897B690193BB6A00930346F86848
:102AF00000F0C2FA0346002B52D0012381E07A692C
:102B0000B96AF86800F050FD0346002B0DD0FB6851
:102B10001B6C042B07D1FB681B681A68FB681B68D9
:102B200042F400721A6001236BE0FB685B6A1A785A
:102B3000FB681B681A61FB685B6A5A1CFB685A6277
:102B4000FB681B8D013B9AB2FB681A85FB685B8DA5
:102B50009BB2013B9AB2FB685A85FB681B685B69B4
:102B600003F00403042B1BD1FB681B8D002B17D033
:102B7000FB685B6A1A78FB681B681A61FB685B6A12
:102B80005A1CFB685A62FB681B8D013B9AB2FB68BA
:102B90001A85FB685B8D9BB2013B9AB2FB685A8534
:102BA000FB681B8D002BAAD17A69B96AF86800F01E
:102BB00043FD0346002B0DD0FB681B6C042B07D193
:102BC000FB681B681A68FB681B6842F400721A6095
:102BD000012316E0FB681B681A68FB681B6842F457
:102BE00000721A60FB68202283F83D20FB680022F7
:102BF00083F83E20FB68002283F83C20002300E09D
:102C0000022318461837BD4680BD00BF02001000E1
:102C10000000FFFF80B58CB002AFF8600846114697
:102C20001A4603467B810B463B811346FB80FFF728
:102C3000A3FA7862FB6893F83D30DBB2202B40F0BA
:102C400014827B6A0093192301227B49F86800F003
:102C500091FB0346002B01D0022307E2FB6893F8A7
:102C60003C30012B01D1022300E2FB68012283F8F2
:102C70003C20FB681B681B6803F00103012B07D095
:102C8000FB681B681A68FB681B6842F001021A6047
:102C9000FB681B681A68FB681B6822F400621A60F4
:102CA000FB68222283F83D20FB68402283F83E2007
:102CB000FB6800221A64FB683A6B5A62FB68BA8EA2
:102CC0005A85FB685B8D9AB2FB681A85FB685B4A84
:102CD000DA62F8883A8979897B6A0193BB6B009341
:102CE0000346F86800F05EFA0346002B01D001238A
:102CF000BCE1FB681B8D002B13D100233B62FB68FA
:102D00001B685B693B62FB681B689B693B623B6AB3
:102D1000FB681B681A68FB681B6842F400721A6043
:102D200090E1FB681B8D012B1BD1FB681B681A68A7
:102D3000FB681B6822F480621A600023FB61FB6859
:102D40001B685B69FB61FB681B689B69FB61FB6936
:102D5000FB681B681A68FB681B6842F400721A6003
:102D600070E1FB681B8D022B1BD1FB681B681A6886
:102D7000FB681B6822F480621A60FB681B681A6893
:102D8000FB681B6842F400621A600023BB61FB68A9
:102D90001B685B69BB61FB681B689B69BB61BB69A6
:102DA00050E100237B61FB681B685B697B61FB680A
:102DB0001B689B697B617B6944E1FB681B8D032B6E
:102DC00000F2F180FB681B8D012B23D17A6AB96B6D
:102DD000F86800F079FC0346002B01D0012345E19F
:102DE000FB681B681A69FB685B6AD2B21A70FB68E1
:102DF0005B6A5A1CFB685A62FB681B8D013B9AB2E6
:102E0000FB681A85FB685B8D9BB2013B9AB2FB683D
:102E10005A8517E1FB681B8D022B4ED17B6A00930C
:102E2000BB6B00220649F86800F0A4FA0346002BA9
:102E300008D001231AE100BF020010000000FFFFCC
:102E400004000100FB681B681A68FB681B6842F4F9
:102E500000721A60FB681B681A69FB685B6AD2B271
:102E60001A70FB685B6A5A1CFB685A62FB681B8D10
:102E7000013B9AB2FB681A85FB685B8D9BB2013BF4
:102E80009AB2FB685A85FB681B681A69FB685B6A23
:102E9000D2B21A70FB685B6A5A1CFB685A62FB6804
:102EA0001B8D013B9AB2FB681A85FB685B8D9BB258
:102EB000013B9AB2FB685A85C4E07B6A0093BB6B06
:102EC00000226C49F86800F055FA0346002B01D047
:102ED0000123CBE0FB681B681A68FB681B6822F4BF
:102EE00080621A60FB681B681A69FB685B6AD2B271
:102EF0001A70FB685B6A5A1CFB685A62FB681B8D80
:102F0000013B9AB2FB681A85FB685B8D9BB2013B63
:102F10009AB2FB685A857B6A0093BB6B00225549C5
:102F2000F86800F027FA0346002B01D001239DE04A
:102F3000FB681B681A68FB681B6842F400721A6021
:102F4000FB681B681A69FB685B6AD2B21A70FB687F
:102F50005B6A5A1CFB685A62FB681B8D013B9AB284
:102F6000FB681A85FB685B8D9BB2013B9AB2FB68DC
:102F70005A85FB681B681A69FB685B6AD2B21A70D3
:102F8000FB685B6A5A1CFB685A62FB681B8D013B3D
:102F90009AB2FB681A85FB685B8D9BB2013B9AB2C3
:102FA000FB685A854EE07A6AB96BF86800F08CFBD2
:102FB0000346002B01D0012358E0FB681B681A6907
:102FC000FB685B6AD2B21A70FB685B6A5A1CFB68CA
:102FD0005A62FB681B8D013B9AB2FB681A85FB683D
:102FE0005B8D9BB2013B9AB2FB685A85FB681B68FC
:102FF0005B6903F00403042B24D1FB681B8D032BB6
:1030000007D1FB681B681A68FB681B6822F48062A2
:103010001A60FB681B681A69FB685B6AD2B21A7097
:10302000FB685B6A5A1CFB685A62FB681B8D013B9C
:103030009AB2FB681A85FB685B8D9BB2013B9AB222
:10304000FB685A85FB681B8D002B7FF4B6AEFB68CE
:10305000202283F83D20FB68002283F83E20FB6895
:10306000002283F83C20002300E002231846283782
:10307000BD4680BD0400010080B588B002AFF86095
:10308000084611461A4603467B810B463B81134690
:10309000FB80FB681B681A68FB681B6842F480723F
:1030A0001A607B6A00933B6A00224FF00111F868B6
:1030B00000F060F90346002B0DD0FB681B681B680D
:1030C00003F48073B3F5807F03D1FB684FF4007283
:1030D0001A6403235FE07B89DBB21A46FB681B6836
:1030E00002F0FE021A617B6A3A6A2D49F86800F024
:1030F000BBF90346002B01D001234CE000237B6188
:10310000FB681B685B697B61FB681B689B697B6173
:103110007B697A6A396AF86800F046FA0346002B40
:103120000DD0FB681B6C042B07D1FB681B681A6869
:10313000FB681B6842F400721A6001232BE0FB88D5
:10314000012B05D13B89DAB2FB681B681A6121E0CB
:103150003B891B0A9BB2DAB2FB681B681A617A6A68
:10316000396AF86800F020FA0346002B0DD0FB689E
:103170001B6C042B07D1FB681B681A68FB681B6873
:1031800042F400721A60012305E03B89DAB2FB6861
:103190001B681A61002318461837BD4680BD00BF62
:1031A0000200010080B588B002AFF8600846114601
:1031B0001A4603467B810B463B811346FB80FB6826
:1031C0001B681A68FB681B6842F480621A60FB681F
:1031D0001B681A68FB681B6842F480721A607B6A7D
:1031E00000933B6A00224FF00111F86800F0C2F82A
:1031F0000346002B0DD0FB681B681B6803F480732B
:10320000B3F5807F03D1FB684FF400721A64032387
:10321000AAE07B89DBB21A46FB681B6802F0FE025B
:103220001A617B6A3A6A5249F86800F01DF9034650
:10323000002B01D0012397E000237B61FB681B6812
:103240005B697B61FB681B689B697B617B697A6A50
:10325000396AF86800F0A8F90346002B0DD0FB6826
:103260001B6C042B07D1FB681B681A68FB681B6882
:1032700042F400721A60012376E0FB88012B05D12D
:103280003B89DAB2FB681B681A6121E03B891B0AA3
:103290009BB2DAB2FB681B681A617A6A396AF8680D
:1032A00000F082F90346002B0DD0FB681B6C042B49
:1032B00007D1FB681B681A68FB681B6842F4007240
:1032C0001A60012350E03B89DAB2FB681B681A617F
:1032D0007A6A396AF86800F067F90346002B0DD066
:1032E000FB681B6C042B07D1FB681B681A68FB6822
:1032F0001B6842F400721A60012335E0FB681B680A
:103300001A68FB681B6842F480721A607B6A00933B
:103310003B6A00224FF00111F86800F02BF80346D9
:10332000002B0DD0FB681B681B6803F48073B3F59A
:10333000807F03D1FB684FF400721A64032313E00B
:103340007B89DBB243F00103DAB2FB681B681A61C8
:103350007B6A3A6A0649F86800F086F80346002B53
:1033600001D0012300E0002318461837BD4680BD78
:103370000200010080B584B000AFF860B9603B6026
:103380001346FB7148E03B68B3F1FF3F44D0FEF7C2
:10339000F3FE0246BB69D31A3A689A4202D33B68ED
:1033A000002B39D1BB681B0CDBB2012B0DD1FB68A4
:1033B0001B685B69DA43BB6813409BB2002B0CBFF0
:1033C00001230023DBB21A460CE0FB681B689B69F3
:1033D000DA43BB6813409BB2002B0CBF01230023D0
:1033E000DBB21A46FB799A4216D1FB6800221A63B7
:1033F000FB68202283F83D20FB68002283F83E20F2
:10340000FB681B6C43F02002FB681A64FB68002217
:1034100083F83C20012323E0BB681B0CDBB2012BAB
:103420000DD1FB681B685B69DA43BB6813409BB234
:10343000002B0CBF01230023DBB21A460CE0FB6813
:103440001B689B69DA43BB6813409BB2002B0CBF1F
:1034500001230023DBB21A46FB799A4293D0002362
:1034600018461037BD4680BD80B584B000AFF86007
:10347000B9607A603B6071E0FB681B685B6903F4CC
:103480008063B3F5806F23D1FB681B681A68FB6803
:103490001B6842F400721A60FB681B686FF480625C
:1034A0005A61FB6800221A63FB68202283F83D20E2
:1034B000FB68002283F83E20FB681B6C43F004028B
:1034C000FB681A64FB68002283F83C20012367E054
:1034D0007B68B3F1FF3F41D0FEF74EFE02463B68EA
:1034E000D31A7A689A4202D37B68002B36D1BB6824
:1034F0001B0CDBB2012B0CD1FB681B685B69DA4348
:10350000BB6813409BB2002B14BF01230023DBB226
:103510000BE0FB681B689B69DA43BB6813409BB2F6
:10352000002B14BF01230023DBB2002B16D0FB6855
:1035300000221A63FB68202283F83D20FB680022EA
:1035400083F83E20FB681B6C43F02002FB681A6482
:10355000FB68002283F83C20012321E0BB681B0CA0
:10356000DBB2012B0CD1FB681B685B69DA43BB68DB
:1035700013409BB2002B14BF01230023DBB20BE0EE
:10358000FB681B689B69DA43BB6813409BB2002B46
:1035900014BF01230023DBB2002B7FF46DAF0023A7
:1035A00018461037BD4680BD80B584B000AFF860C6
:1035B000B9607A6034E0F86800F0E3F80346002B65
:1035C00001D0012334E0BB68B3F1FF3F28D0FEF700
:1035D000D3FD02467B68D31ABA689A4202D3BB680D
:1035E000002B1DD1FB681B685B6903F08003802BF7
:1035F00016D0FB6800221A63FB68202283F83D2066
:10360000FB68002283F83E20FB681B6C43F020021D
:10361000FB681A64FB68002283F83C20012307E062
:10362000FB681B685B6903F08003802BC3D1002318
:1036300018461037BD4680BD80B584B000AFF86035
:10364000B9607A6034E0F86800F09BF80346002B1C
:1036500001D0012334E0BB68B3F1FF3F28D0FEF76F
:103660008BFD02467B68D31ABA689A4202D3BB68C4
:10367000002B1DD1FB681B685B6903F00403042B5E
:1036800016D0FB6800221A63FB68202283F83D20D5
:10369000FB68002283F83E20FB681B6C43F020028D
:1036A000FB681A64FB68002283F83C20012307E0D2
:1036B000FB681B685B6903F00403042BC3D1002380
:1036C00018461037BD4680BD80B584B000AFF860A5
:1036D000B9607A6049E0FB681B685B6903F010031E
:1036E000102B19D1FB681B686FF010025A61FB6840
:1036F00000221A63FB68202283F83D20FB68002229
:1037000083F83E20FB681A6CFB681A64FB68002291
:1037100083F83C20012330E0FEF72EFD02467B6853
:10372000D31ABA689A4202D3BB68002B1DD1FB683A
:103730001B685B6903F04003402B16D0FB68002236
:103740001A63FB68202283F83D20FB68002283F87F
:103750003E20FB681B6C43F02002FB681A64FB6888
:10376000002283F83C20012307E0FB681B685B69AB
:1037700003F04003402BAED1002318461037BD465E
:1037800080BD80B483B000AF78607B681B685B69E4
:1037900003F48063B3F5806F1BD17B681B686FF403
:1037A00080625A617B6800221A637B68202283F85A
:1037B0003D207B68002283F83E207B681B6C43F031
:1037C00004027B681A647B68002283F83C20012392
:1037D00000E0002318460C37BD465DF8047B7047B7
:1037E00080B586B000AF78607B68002B01D10123E3
:1037F00067E27B681B6803F00103002B75D0884BE0
:103800009B6803F00C03042B0CD0854B9B6803F0E2
:103810000C03082B12D1824B5B6803F48003B3F5D1
:10382000800F0BD17E4B1B6803F40033002B5BD061
:103830007B685B68002B57D1012342E27B685B68A1
:10384000B3F5803F06D1764B1B68754A43F480334D
:1038500013601DE07B685B68B3F5A02F0CD1704B43
:103860001B686F4A43F4802313606D4B1B686C4ADE
:1038700043F4803313600BE0694B1B68684A23F400
:1038800080331360664B1B68654A23F48023136002
:103890007B685B68002B13D0FEF76EFC386108E094
:1038A000FEF76AFC02463B69D31A642B01D9032355
:1038B00007E25B4B1B6803F40033002BF0D014E0ED
:1038C000FEF75AFC386108E0FEF756FC02463B69F9
:1038D000D31A642B01D90323F3E1514B1B6803F482
:1038E0000033002BF0D100E000BF7B681B6803F0C1
:1038F0000203002B63D04A4B9B6803F00C03002BA0
:103900000BD0474B9B6803F00C03082B1CD1444B96
:103910005B6803F48003002B16D1414B1B6803F056
:103920000203002B05D07B68DB68012B01D001234B
:10393000C7E13B4B1B6823F0F8027B681B69DB0087
:10394000374913430B603AE07B68DB68002B20D0DB
:10395000344B01221A60FEF70FFC386108E0FEF7D5
:103960000BFC02463B69D31A022B01D90323A8E1C1
:103970002B4B1B6803F00203002BF0D0284B1B6875
:1039800023F0F8027B681B69DB00254913430B60B9
:1039900015E0244B00221A60FEF7EEFB386108E0C8
:1039A000FEF7EAFB02463B69D31A022B01D9032337
:1039B00087E11B4B1B6803F00203002BF0D17B68EF
:1039C0001B6803F00803002B36D07B685B69002B73
:1039D00016D0154B01221A60FEF7CEFB386108E0C5
:1039E000FEF7CAFB02463B69D31A022B01D9032317
:1039F00067E10B4B5B6F03F00203002BF0D01BE081
:103A0000094B00221A60FEF7B7FB38610EE0FEF7A3
:103A1000B3FB02463B69D31A022B07D9032350E1BB
:103A20000038024000004742800E4742884B5B6FDF
:103A300003F00203002BEAD17B681B6803F0040348
:103A4000002B00F097800023FB75814B1B6C03F06B
:103A50008053002B0FD10023BB607D4B1B6C7C4A35
:103A600043F0805313647A4B1B6C03F08053BB60AC
:103A7000BB680123FB75774B1B6803F48073002B35
:103A800018D1744B1B68734A43F480731360FEF7BC
:103A900073FB386108E0FEF76FFB02463B69D31AFF
:103AA000022B01D903230CE16A4B1B6803F48073DA
:103AB000002BF0D07B689B68012B06D1644B1B6FF9
:103AC000634A43F0010313671CE07B689B68052B86
:103AD0000CD15F4B1B6F5E4A43F0040313675C4BD2
:103AE0001B6F5B4A43F0010313670BE0584B1B6FDE
:103AF000574A23F001031367554B1B6F544A23F0B9
:103B0000040313677B689B68002B15D0FEF734FB1A
:103B100038610AE0FEF730FB02463B69D31A41F2F6
:103B20008832934201D90323CBE0494B1B6F03F04A
:103B30000203002BEED014E0FEF71EFB38610AE012
:103B4000FEF71AFB02463B69D31A41F288329342D0
:103B500001D90323B5E03E4B1B6F03F00203002B9A
:103B6000EED1FB7D012B05D1394B1B6C384A23F07C
:103B7000805313647B689B69002B00F0A180344B59
:103B80009B6803F00C03082B5CD07B689B69022BBD
:103B900041D1314B00221A60FEF7EEFA386108E09D
:103BA000FEF7EAFA02463B69D31A022B01D9032336
:103BB00087E0274B1B6803F00073002BF0D17B6874
:103BC000DA697B681B6A1A437B685B6A9B011A434C
:103BD0007B689B6A5B08013B1B041A437B68DB6ABA
:103BE0001B061B4913434B601B4B01221A60FEF757
:103BF000C3FA386108E0FEF7BFFA02463B69D31A00
:103C0000022B01D903235CE0114B1B6803F0007306
:103C1000002BF0D054E0104B00221A60FEF7ACFAF3
:103C2000386108E0FEF7A8FA02463B69D31A022B76
:103C300001D9032345E0064B1B6803F00073002BFA
:103C4000F0D13DE07B689B69012B07D1012338E06F
:103C50000038024000700040600047421B4B5B6828
:103C6000FB607B689B69012B28D0FB6803F4800212
:103C70007B68DB699A4221D1FB6803F03F027B68D5
:103C80001B6A9A421AD1FA6847F6C07313407A68E1
:103C9000526A9201934211D1FB6803F440327B686F
:103CA0009B6A5B08013B1B049A4207D1FB6803F047
:103CB00070627B68DB6A1B069A4201D0012300E038
:103CC000002318461837BD4680BD00BF00380240AB
:103CD00080B584B000AF786039607B68002B01D17B
:103CE0000123CCE0684B1B6803F007033A689A4253
:103CF0000CD9654B3A68D2B21A70634B1B6803F05B
:103D000007033A689A4201D00123B8E07B681B6838
:103D100003F00203002B20D07B681B6803F0040330
:103D2000002B05D0594B9B68584A43F4E0539360ED
:103D30007B681B6803F00803002B05D0534B9B687E
:103D4000524A43F460439360504B9B6823F0F00267
:103D50007B689B684D4913438B607B681B6803F04D
:103D60000103002B44D07B685B68012B07D1474BD4
:103D70001B6803F40033002B19D101237FE07B681B
:103D80005B68022B03D07B685B68032B07D13F4B3A
:103D90001B6803F00073002B09D101236FE03B4B3C
:103DA0001B6803F00203002B01D1012367E0374BAE
:103DB0009B6823F003027B685B68344913438B6084
:103DC000FEF7DAF9F8600AE0FEF7D6F90246FB687A
:103DD000D31A41F28832934201D903234FE02B4B8F
:103DE0009B6803F00C027B685B689B009A42EBD1F6
:103DF000254B1B6803F007033A689A420CD2224B0A
:103E00003A68D2B21A70204B1B6803F007033A6875
:103E10009A4201D0012332E07B681B6803F004035F
:103E2000002B08D0194B9B6823F4E0527B68DB68B9
:103E3000164913438B607B681B6803F00803002B53
:103E400009D0124B9B6823F460427B681B69DB003E
:103E50000E4913438B6000F021F802460B4B9B6820
:103E60001B0903F00F030A49CB5C22FA03F3094A4A
:103E70001360094B1B681846FEF73AF900231846F1
:103E80001037BD4680BD00BF003C024000380240F4
:103E9000D8C2000804000020080000202DE9B04F1F
:103EA00094B000AF00237B640023FB6400233B64D9
:103EB0000023BB64794B9B6803F00C03082B0DD0E7
:103EC000082B00F2E180002B02D0042B03D0DBE0B2
:103ED000734BBB64DBE0734BBB64D8E06F4B5B6838
:103EE00003F03F037B646D4B5B6803F48003002B9E
:103EF00063D06A4B5B689B090022BB63FA63BB6BB0
:103F0000C3F308033B6300237B63D7E90C452246D8
:103F10002B464FF000004FF00001590141EAD261F9
:103F2000500102460B462146511A3961294663EB7E
:103F300001037B614FF000024FF00003D7E904ABAF
:103F400059468B01514643EA916351468A015146D5
:103F5000B2EB0108594663EB01094FF000024FF044
:103F600000034FEAC90343EA58734FEAC802904678
:103F70009946234618EB0303BB602B4649EB03032A
:103F8000FB604FF000024FF00003D7E902452946DD
:103F90004B02214643EAD15321464A0210461946B4
:103FA0007B6C0022BB62FA62D7E90A23FCF76CFE45
:103FB00002460B461346FB6458E0384B5B689B098E
:103FC000002218461146C0F308033B6200237B62BF
:103FD000D7E9088942464B464FF000004FF00001F8
:103FE000590141EAD261500102460B464146B2EB0B
:103FF000010A494663EB010B4FF000024FF000034A
:104000004FEA8B1343EA9A634FEA8A12B2EB0A042F
:1040100063EB0B054FF000024FF00003EB0043EAA7
:104020005473E20014461D464346E3183B604B467A
:1040300045EB03037B604FF000024FF00003D7E92C
:10404000004529468B02214643EA915321468A02C4
:10405000104619467B6C0022BB61FA61D7E9062342
:10406000FCF712FE02460B461346FB640B4B5B68E3
:104070001B0C03F0030301335B003B64FA6C3B6CE5
:10408000B2FBF3F3BB6402E0054BBB6400BFBB6C47
:1040900018465037BD46BDE8B08F00BF003802401B
:1040A0000024F40000127A0080B400AF034B1B68B8
:1040B0001846BD465DF8047B704700BF0400002031
:1040C00080B500AFFFF7F0FF0246054B9B689B0AE7
:1040D00003F007030349CB5C22FA03F3184680BDC3
:1040E00000380240E8C2000880B500AFFFF7DCFFEF
:1040F0000246054B9B685B0B03F007030349CB5C4F
:1041000022FA03F3184680BD00380240E8C20008D6
:1041100080B582B000AF78607B68002B01D10123AD
:1041200041E07B6893F83D30DBB2002B06D17B6821
:10413000002283F83C207868FDF700FD7B680222AE
:1041400083F83D207B681A687B6804331946104663
:1041500000F078FE7B68012283F846207B6801220C
:1041600083F83E207B68012283F83F207B68012290
:1041700083F840207B68012283F841207B6801227C
:1041800083F842207B68012283F843207B68012268
:1041900083F844207B68012283F845207B68012254
:1041A00083F83D20002318460837BD4680BD000037
:1041B00080B485B000AF78607B6893F83D30DBB2A7
:1041C000012B01D0012346E07B68022283F83D20C9
:1041D0007B681B68234A934222D07B681B68B3F13B
:1041E000804F1DD07B681B681F4A934218D07B68A4
:1041F0001B681E4A934213D07B681B681C4A93427B
:104200000ED07B681B681B4A934209D07B681B68F1
:10421000194A934204D07B681B68184A934211D113
:104220007B681B689B6803F00703FB60FB68062B39
:1042300010D07B681B681A687B681B6842F001021B
:104240001A6007E07B681B681A687B681B6842F08D
:1042500001021A60002318461437BD465DF8047B3E
:10426000704700BF0000014000040040000800400B
:10427000000C0040000401400040014000180040D4
:1042800080B582B000AF78607B68002B01D101233C
:1042900041E07B6893F83D30DBB2002B06D17B68B0
:1042A000002283F83C20786800F039F87B6802220D
:1042B00083F83D207B681A687B68043319461046F2
:1042C00000F0C0FD7B68012283F846207B68012254
:1042D00083F83E207B68012283F83F207B6801221F
:1042E00083F840207B68012283F841207B6801220B
:1042F00083F842207B68012283F843207B680122F7
:1043000083F844207B68012283F845207B680122E2
:1043100083F83D20002318460837BD4680BD80B491
:1043200083B000AF786000BF0C37BD465DF8047BFA
:104330007047000080B584B000AF786039603B689A
:10434000002B09D17B6893F83E30DBB2012B14BF00
:1043500001230023DBB222E03B68042B09D17B68F8
:1043600093F83F30DBB2012B14BF01230023DBB2F3
:1043700015E03B68082B09D17B6893F84030DBB22D
:10438000012B14BF01230023DBB208E07B6893F804
:104390004130DBB2012B14BF01230023DBB2002B21
:1043A00001D001237CE03B68002B04D17B68022212
:1043B00083F83E2013E03B68042B04D17B68022283
:1043C00083F83F200BE03B68082B04D17B68022276
:1043D00083F8402003E07B68022283F841207B6859
:1043E0001B6801223968184601F046F97B681B6892
:1043F0002D4A934204D07B681B682C4A934201D11A
:10440000012300E00023002B07D07B681B685A6C57
:104410007B681B6842F400425A647B681B68224A2E
:10442000934222D07B681B68B3F1804F1DD07B681C
:104430001B681F4A934218D07B681B681D4A934231
:1044400013D07B681B681C4A93420ED07B681B68A4
:10445000164A934209D07B681B68184A934204D0DD
:104460007B681B68164A934211D17B681B689B6866
:1044700003F00703FB60FB68062B10D07B681B680A
:104480001A687B681B6842F001021A6007E07B68CB
:104490001B681A687B681B6842F001021A600023DF
:1044A00018461037BD4680BD0000014000040140A1
:1044B0000004004000080040000C004000400140A3
:1044C0000018004080B582B000AF78607B68002B98
:1044D00001D1012341E07B6893F83D30DBB2002B32
:1044E00006D17B68002283F83C20786800F039F818
:1044F0007B68022283F83D207B681A687B6804335E
:104500001946104600F09EFC7B68012283F8462085
:104510007B68012283F83E207B68012283F83F20DC
:104520007B68012283F840207B68012283F84120C8
:104530007B68012283F842207B68012283F84320B4
:104540007B68012283F844207B68012283F84520A0
:104550007B68012283F83D20002318460837BD46BA
:1045600080BD80B483B000AF786000BF0C37BD461B
:104570005DF8047B7047000080B584B000AF7860C0
:1045800039600023FB733B68002B04D17B6893F8F0
:104590003E30DBB213E03B68042B04D17B6893F818
:1045A0003F30DBB20BE03B68082B04D17B6893F80B
:1045B0004030DBB203E07B6893F84130DBB2BB7381
:1045C0003B68002B04D17B6893F84230DBB213E0E8
:1045D0003B68042B04D17B6893F84330DBB20BE0DB
:1045E0003B68082B04D17B6893F84430DBB203E0CE
:1045F0007B6893F84530DBB27B73BB7B012B02D128
:104600007B7B012B01D00123CCE03B68002B04D144
:104610007B68022283F83E2013E03B68042B04D120
:104620007B68022283F83F200BE03B68082B04D113
:104630007B68022283F8402003E07B68022283F833
:1046400041203B68002B04D17B68022283F8422082
:1046500013E03B68042B04D17B68022283F84320DB
:104660000BE03B68082B04D17B68022283F84420CE
:1046700003E07B68022283F845203B680C2B41D87D
:1046800001A252F823F000BFBD460008054700080C
:104690000547000805470008CF4600080547000801
:1046A0000547000805470008E146000805470008DF
:1046B0000547000805470008F34600087B681B68AB
:1046C000DA687B681B6842F00202DA601DE07B68F2
:1046D0001B68DA687B681B6842F00402DA6014E049
:1046E0007B681B68DA687B681B6842F00802DA6046
:1046F0000BE07B681B68DA687B681B6842F010027D
:10470000DA6002E00123FB7300BFFB7B002B48D182
:104710007B681B6801223968184600F0ADFF7B6892
:104720001B68224A934222D07B681B68B3F1804FFA
:104730001DD07B681B681E4A934218D07B681B689B
:104740001C4A934213D07B681B681B4A93420ED0CD
:104750007B681B68194A934209D07B681B68184A1A
:10476000934204D07B681B68164A934211D17B6840
:104770001B689B6803F00703BB60BB68062B10D067
:104780007B681B681A687B681B6842F001021A602C
:1047900007E07B681B681A687B681B6842F00102AF
:1047A0001A60FB7B18461037BD4680BD00000140F3
:1047B0000004004000080040000C004000040140DC
:1047C000004001400018004080B584B000AF786020
:1047D0007B681B68DB68FB607B681B681B69BB60D0
:1047E000BB6803F00203002B20D0FB6803F0020338
:1047F000002B1BD07B681B686FF002021A617B687C
:1048000001221A777B681B689B6903F00303002B66
:1048100003D0786801F092FF05E0786800F0F3FAC1
:10482000786800F0FAFA7B6800221A77BB6803F018
:104830000403002B20D0FB6803F00403002B1BD0E3
:104840007B681B686FF004021A617B6802221A778A
:104850007B681B689B6903F44073002B03D0786866
:1048600001F06CFF05E0786800F0CDFA786800F0A0
:10487000D4FA7B6800221A77BB6803F00803002B88
:1048800020D0FB6803F00803002B1BD07B681B685B
:104890006FF008021A617B6804221A777B681B6834
:1048A000DB6903F00303002B03D0786801F046FFB7
:1048B00005E0786800F0A7FA786800F0AEFA7B6847
:1048C00000221A77BB6803F01003002B20D0FB688E
:1048D00003F01003002B1BD07B681B686FF01002E5
:1048E0001A617B6808221A777B681B68DB6903F40E
:1048F0004073002B03D0786801F020FF05E0786852
:1049000000F081FA786800F088FA7B6800221A7754
:10491000BB6803F00103002B0CD0FB6803F001031C
:10492000002B07D07B681B686FF001021A61786862
:1049300000F05FFABB6803F08003002B0CD0FB682B
:1049400003F08003002B07D07B681B686FF08002A8
:104950001A61786800F03CFFBB6803F04003002B4D
:104960000CD0FB6803F04003002B07D07B681B686A
:104970006FF040021A61786800F059FABB6803F0E2
:104980002003002B0CD0FB6803F02003002B07D082
:104990007B681B686FF020021A61786800F00EFFD8
:1049A00000BF1037BD4680BD80B586B000AFF8604F
:1049B000B9607A600023FB75FB6893F83C30012BEB
:1049C00001D1022388E0FB68012283F83C207B6848
:1049D000002B1BD1FB681868BB681968BB685A6854
:1049E000BB68DB6800F084FCFB681B689A69FB68A5
:1049F0001B6822F00C029A61FB681B689969BB680E
:104A00009A68FB681B680A439A6160E07B68042B24
:104A10001CD1FB681868BB681968BB685A68BB681A
:104A2000DB6800F008FDFB681B689A69FB681B687F
:104A300022F440629A61FB681B689969BB689B68B5
:104A40001A02FB681B680A439A6140E07B68082BE6
:104A50001BD1FB681868BB681968BB685A68BB68DB
:104A6000DB6800F055FDFB681B68DA69FB681B68B2
:104A700022F00C02DA61FB681B68D969BB689A688E
:104A8000FB681B680A43DA6121E07B680C2B1CD1B0
:104A9000FB681868BB681968BB685A68BB68DB6844
:104AA00000F072FDFB681B68DA69FB681B6822F482
:104AB0004062DA61FB681B68D969BB689B681A02AF
:104AC000FB681B680A43DA6101E00123FB75FB68A0
:104AD000002283F83C20FB7D18461837BD4680BD78
:104AE00080B586B000AFF860B9607A600023FB75CE
:104AF000FB6893F83C30012B01D10223AEE0FB6848
:104B0000012283F83C207B680C2B00F29F8001A2DD
:104B100052F823F0494B00084D4C00084D4C00085A
:104B20004D4C0008894B00084D4C00084D4C0008C6
:104B30004D4C0008CB4B00084D4C00084D4C000874
:104B40004D4C00080B4C0008FB681B68B968184600
:104B500000F01EFAFB681B689A69FB681B6842F04C
:104B600008029A61FB681B689A69FB681B6822F05F
:104B700004029A61FB681B689969BB681A69FB6843
:104B80001B680A439A6164E0FB681B68B9681846B1
:104B900000F06EFAFB681B689A69FB681B6842F4B8
:104BA00000629A61FB681B689A69FB681B6822F4C3
:104BB00080629A61FB681B689969BB681B691A026D
:104BC000FB681B680A439A6143E0FB681B68B9688D
:104BD000184600F0C3FAFB681B68DA69FB681B68BB
:104BE00042F00802DA61FB681B68DA69FB681B683F
:104BF00022F00402DA61FB681B68D969BB681A6994
:104C0000FB681B680A43DA6123E0FB681B68B9682C
:104C1000184600F017FBFB681B68DA69FB681B6825
:104C200042F40062DA61FB681B68DA69FB681B68A2
:104C300022F48062DA61FB681B68D969BB681B6972
:104C40001A02FB681B680A43DA6102E00123FB7564
:104C500000BFFB68002283F83C20FB7D1846183714
:104C6000BD4680BD80B584B000AF78603960002358
:104C7000FB737B6893F83C30012B01D10223B4E035
:104C80007B68012283F83C207B68022283F83D2068
:104C90007B681B689B68BB60BB6823F07703BB60C5
:104CA000BB6823F47F43BB607B681B68BA689A606B
:104CB0003B681B68B3F5005F3ED0B3F5005F00F2C0
:104CC0008780B3F5805F00F08680B3F5805F7FD882
:104CD000702B1AD0702B7BD8602B50D0602B77D8DC
:104CE000502B3CD0502B73D8402B58D0402B6FD832
:104CF000302B64D0302B6BD8202B60D0202B67D882
:104D0000002B5CD0102B5AD062E07B6818683B689F
:104D100099683B685A683B68DB6800F08DFC7B68EB
:104D20001B689B68BB60BB6843F07703BB607B6814
:104D30001B68BA689A604FE07B6818683B6899689E
:104D40003B685A683B68DB6800F076FC7B681B6850
:104D50009A687B681B6842F480429A603CE07B68FA
:104D600018683B6859683B68DB681A4600F034FBFA
:104D70007B681B685021184600F043FC2CE07B68E0
:104D800018683B6859683B68DB681A4600F090FB7E
:104D90007B681B686021184600F033FC1CE07B68D0
:104DA00018683B6859683B68DB681A4600F014FBDA
:104DB0007B681B684021184600F023FC0CE07B68F0
:104DC0001A683B681B681946104600F01AFC03E09D
:104DD0000123FB7300E000BF7B68012283F83D20C4
:104DE0007B68002283F83C20FB7B18461037BD46C9
:104DF00080BD80B483B000AF786000BF0C37BD4683
:104E00005DF8047B704780B483B000AF786000BF6A
:104E10000C37BD465DF8047B704780B483B000AFAB
:104E2000786000BF0C37BD465DF8047B704780B4E6
:104E300083B000AF786000BF0C37BD465DF8047BDF
:104E40007047000080B485B000AF786039607B683F
:104E50001B68FB607B68434A934213D07B68B3F1C5
:104E6000804F0FD07B68404A93420BD07B683F4A0B
:104E7000934207D07B683E4A934203D07B683D4A09
:104E8000934208D1FB6823F07003FB603B685B68CA
:104E9000FA681343FB607B68324A93422BD07B68ED
:104EA000B3F1804F27D07B682F4A934223D07B6891
:104EB0002E4A93421FD07B682D4A93421BD07B68B9
:104EC0002C4A934217D07B682B4A934213D07B68BD
:104ED0002A4A93420FD07B68294A93420BD07B68C1
:104EE000284A934207D07B68274A934203D07B68C5
:104EF000264A934208D1FB6823F44073FB603B6869
:104F0000DB68FA681343FB60FB6823F080023B68B0
:104F10005B691343FB603B689A687B68DA623B68B5
:104F20001A687B689A627B680E4A934203D07B685A
:104F3000104A934203D13B681A697B681A637B6805
:104F40001B6843F004027B681A607B6801225A6187
:104F50007B68FA681A6000BF1437BD465DF8047BB1
:104F6000704700BF000001400004004000080040FE
:104F7000000C00400004014000400140004401409A
:104F80000048014000180040001C00400020004084
:104F900080B487B000AF786039607B681B6A7B6142
:104FA0007B681B6A23F001027B681A627B685B687E
:104FB0003B617B689B69FB60FB6823F07003FB60CF
:104FC000FB6823F00303FB603B681B68FA6813432C
:104FD000FB607B6923F002037B613B689B687A6915
:104FE00013437B617B68204A934203D07B681F4A4E
:104FF00093420CD17B6923F008037B613B68DB683B
:105000007A6913437B617B6923F004037B617B68CE
:10501000154A934203D07B68144A934211D13B69ED
:1050200023F480733B613B6923F400733B613B686D
:105030005B693A6913433B613B689B693A69134377
:105040003B617B683A695A607B68FA689A613B68A1
:105050005A687B685A637B687A691A6200BF1C379A
:10506000BD465DF8047B704700000140000401402C
:1050700080B487B000AF786039607B681B6A7B6161
:105080007B681B6A23F010027B681A627B685B688E
:105090003B617B689B69FB60FB6823F4E043FB603A
:1050A000FB6823F44073FB603B681B681B02FA68D3
:1050B0001343FB607B6923F020037B613B689B68A3
:1050C0001B017A6913437B617B68224A934203D0B8
:1050D0007B68214A93420DD17B6923F080037B6179
:1050E0003B68DB681B017A6913437B617B6923F0B2
:1050F00040037B617B68174A934203D07B68164A62
:10510000934213D13B6923F480633B613B6923F4F1
:1051100000633B613B685B699B003A6913433B61F9
:105120003B689B699B003A6913433B617B683A6922
:105130005A607B68FA689A613B685A687B689A6330
:105140007B687A691A6200BF1C37BD465DF8047B34
:10515000704700BF000001400004014080B487B0E8
:1051600000AF786039607B681B6A7B617B681B6A73
:1051700023F480727B681A627B685B683B617B68A2
:10518000DB69FB60FB6823F07003FB60FB6823F0C6
:105190000303FB603B681B68FA681343FB607B6991
:1051A00023F400737B613B689B681B027A6913439D
:1051B0007B617B68214A934203D07B68204A9342FB
:1051C0000DD17B6923F400637B613B68DB681B02C4
:1051D0007A6913437B617B6923F480637B617B681D
:1051E000164A934203D07B68154A934213D13B6918
:1051F00023F480533B613B6923F400533B613B68DC
:105200005B691B013A6913433B613B689B691B0166
:105210003A6913433B617B683A695A607B68FA6874
:10522000DA613B685A687B68DA637B687A691A627C
:1052300000BF1C37BD465DF8047B7047000001408D
:105240000004014080B487B000AF786039607B68AB
:105250001B6A3B617B681B6A23F480527B681A627D
:105260007B685B687B617B68DB69FB60FB6823F4C0
:10527000E043FB60FB6823F44073FB603B681B6802
:105280001B02FA681343FB603B6923F400533B6144
:105290003B689B681B033A6913433B617B68124A76
:1052A000934203D07B68114A934209D17B6923F46E
:1052B00080437B613B685B699B017A6913437B6137
:1052C0007B687A695A607B68FA68DA613B685A6879
:1052D0007B681A647B683A691A6200BF1C37BD4656
:1052E0005DF8047B704700BF0000014000040140EE
:1052F00080B487B000AFF860B9607A603B60FB684B
:105300001B6A3B61FB681B6A23F00102FB681A629F
:10531000FB689B697B61FB68284A93421BD0FB6852
:10532000B3F1804F17D0FB68254A934213D0FB6836
:10533000244A93420FD0FB68234A93420BD0FB6868
:10534000224A934207D0FB68214A934203D0FB686C
:10535000204A934201D1012300E00023002B08D012
:105360007B6923F003037B617A697B6813437B616C
:1053700003E07B6943F001037B617B6923F0F00369
:105380007B613B681B01DBB27A6913437B613B693C
:1053900023F00A033B61BB6803F00A033A69134335
:1053A0003B61FB687A699A61FB683A691A6200BFDF
:1053B0001C37BD465DF8047B704700BF000001400C
:1053C0000004004000080040000C004000040140C0
:1053D000004001400018004080B487B000AFF86082
:1053E000B9607A60FB681B6A7B61FB681B6A23F00B
:1053F0000102FB681A62FB689B693B613B6923F011
:10540000F0033B617B681B013A6913433B617B6995
:1054100023F00A037B617A69BB6813437B61FB68F5
:105420003A699A61FB687A691A6200BF1C37BD4607
:105430005DF8047B704780B487B000AFF860B96056
:105440007A603B60FB681B6A7B61FB681B6A23F028
:105450001002FB681A62FB689B693B613B6923F49D
:1054600040733B617B681B023A6913433B613B69B4
:1054700023F470433B613B681B039BB23A691343BF
:105480003B617B6923F0A0037B61BB681B0103F0D8
:10549000A0037A6913437B61FB683A699A61FB68F0
:1054A0007A691A6200BF1C37BD465DF8047B7047FD
:1054B00080B487B000AFF860B9607A60FB681B6A9F
:1054C0007B61FB681B6A23F01002FB681A62FB68B1
:1054D0009B693B613B6923F470433B617B681B0321
:1054E0003A6913433B617B6923F0A0037B61BB688E
:1054F0001B017A6913437B61FB683A699A61FB6817
:105500007A691A6200BF1C37BD465DF8047B70479C
:1055100080B487B000AFF860B9607A603B60FB6828
:105520001B6A7B61FB681B6A23F48072FB681A624A
:10553000FB68DB693B613B6923F003033B613A692C
:105540007B6813433B613B6923F0F0033B613B689D
:105550001B01DBB23A6913433B617B6923F420638F
:105560007B61BB681B0203F420637A6913437B6190
:10557000FB683A69DA61FB687A691A6200BF1C3716
:10558000BD465DF8047B704780B487B000AFF8601B
:10559000B9607A603B60FB681B6A7B61FB681B6AD1
:1055A00023F48052FB681A62FB68DB693B613B694C
:1055B00023F440733B617B681B023A6913433B61F0
:1055C0003B6923F470433B613B681B039BB23A6920
:1055D00013433B617B6923F420437B61BB681B035E
:1055E00003F420437A6913437B61FB683A69DA610B
:1055F000FB687A691A6200BF1C37BD465DF8047B00
:10560000704780B485B000AF786039607B689B6874
:10561000FB60FB6823F07003FB603A68FB68134390
:1056200043F00703FB607B68FA689A6000BF143799
:10563000BD465DF8047B704780B487B000AFF8606A
:10564000B9607A603B60FB689B687B617B6923F48F
:105650007F437B613B681A027B681A43BB68134334
:105660007A6913437B61FB687A699A6000BF1C37D3
:10567000BD465DF8047B704780B487B000AFF8602A
:10568000B9607A60BB6803F01F03012202FA03F3DA
:105690007B61FB681A6A7B69DB431A40FB681A620C
:1056A000FB681A6ABB6803F01F03796801FA03F309
:1056B0001A43FB681A6200BF1C37BD465DF8047BC5
:1056C0007047000080B485B000AF786039607B68B7
:1056D00093F83C30012B01D102235AE07B68012270
:1056E00083F83C207B68022283F83D207B681B689E
:1056F0005B68FB607B681B689B68BB60FB6823F092
:105700007003FB603B681B68FA681343FB607B68AF
:105710001B68FA685A607B681B68214A934222D052
:105720007B681B68B3F1804F1DD07B681B681D4AE6
:10573000934218D07B681B681B4A934213D07B6846
:105740001B681A4A93420ED07B681B68184A934222
:1057500009D07B681B68174A934204D07B681B689A
:10576000154A93420CD1BB6823F08003BB603B68B1
:105770005B68BA681343BB607B681B68BA689A6051
:105780007B68012283F83D207B68002283F83C205F
:10579000002318461437BD465DF8047B704700BFF0
:1057A000000001400004004000080040000C0040E0
:1057B00000040140004001400018004080B483B064
:1057C00000AF786000BF0C37BD465DF8047B7047C2
:1057D00080B483B000AF786000BF0C37BD465DF881
:1057E000047B704780B582B000AF78607B68002B87
:1057F00001D1012342E07B6893F84130DBB2002BFA
:1058000006D17B68002283F840207868FCF7AEFA66
:105810007B68242283F841207B681B68DA687B68F8
:105820001B6822F40052DA60786800F02BF87B687D
:105830001B681A697B681B6822F490421A617B68B6
:105840001B685A697B681B6822F02A025A617B68D0
:105850001B68DA687B681B6842F40052DA607B6878
:1058600000225A647B68202283F841207B68202232
:1058700083F842207B6800225A63002318460837C9
:10588000BD4680BD2DE9B04FC0B000AFC7F8F400F1
:10589000D7F8F4301B681B6923F44050D7F8F43074
:1058A000D968D7F8F4301A6840EA01031361D7F8D1
:1058B000F4309A68D7F8F4301B691A43D7F8F430FB
:1058C0005B691A43D7F8F430DB691343C7F8F83043
:1058D000D7F8F4301B68DB6823F4164121F00C0183
:1058E000D7F8F4301A68D7F8F8300B43D360D7F8FC
:1058F000F4301B685B6923F44070D7F8F430996981
:10590000D7F8F4301A6840EA01035361D7F8F4304D
:105910001A688F4B9A4205D0D7F8F4301A688D4B2D
:105920009A4204D1FEF7E0FBC7F8FC0003E0FEF763
:10593000C7FBC7F8FC00D7F8F430DB69B3F5004FBC
:1059400040F00C81D7F8FC300022C7F8E830C7F8E7
:10595000EC20D7E93A4522462B469118B9655B41C0
:10596000FB65D7E91623214612EB0108294643EBD4
:1059700001094FF000024FF000034FEAC90343EA68
:1059800058734FEAC80290469946234618EB030322
:10599000C7F8E0302B4649EB0303C7F8E430D7F8EB
:1059A000F4305B680022C7F8D830C7F8DC20D7E9AC
:1059B00036120B46DB183B65134642EB03037B654F
:1059C000D7E91423D7E93801FBF75EF902460B4605
:1059D000614BA3FB02235B091C01D7F8FC300022BA
:1059E000C7F8D030C7F8D420D7E9348942464B46AF
:1059F0009118B9645B41FB64D7E91223414612EB6D
:105A0000010A494643EB010B4FF000024FF000033F
:105A10004FEACB0343EA5A734FEACA0292469B46C7
:105A200043461AEB0303C7F8C8304B464BEB03035E
:105A3000C7F8CC30D7F8F4305B680022C7F8C03024
:105A4000C7F8C420D7E930120B46DB183B64134675
:105A500042EB03037B64D7E91023D7E93201FBF75C
:105A600013F902460B4611463B4BA3FB01235B098E
:105A7000642202FB03F3CB1ADB0003F13202364B44
:105A8000A3FB02235B095B0003F4F8731C44D7F803
:105A9000FC300022C7F8B830C7F8BC20D7E92E89FF
:105AA00042464B469118B9635B41FB63D7E90E232D
:105AB00041465118396349464B417B634FF0000220
:105AC0004FF00003D7E90CAB5946CB00514643EAEF
:105AD00051735146CA0010461946034642469B1868
:105AE000C7F8B0304B460A4642EB0303C7F8B43060
:105AF000D7F8F4305B680022C7F8A830C7F8AC20AC
:105B0000D7E92A120B46DB18BB62134642EB0303AC
:105B1000FB62D7E90A23D7E92C01FBF7B5F8024667
:105B20000B460D4BA3FB02135B09642101FB03F33E
:105B3000D31ADB003233084AA2FB03235B0903F0CC
:105B40000702D7F8F4301B6822449A6006E100BFD0
:105B500000100140001401401F85EB51D7F8FC30C4
:105B60000022C7F8A030C7F8A420D7E92889424608
:105B70004B46911839625B417B62D7E90823414665
:105B80005418494643EB01054FF000024FF0000363
:105B9000EB0043EA5473E20014461D464346E31803
:105BA000C7F898304B4645EB0303C7F89C30D7F84D
:105BB000F4305B680022C7F89030C7F894204FF0AB
:105BC00000024FF00003D7E9244529468B00214607
:105BD00043EA917321468A00D7E92601FBF754F87E
:105BE00002460B46604BA3FB02235B091C01D7F85E
:105BF000FC300022C7F88830C7F88C20D7E922890A
:105C000042464B469118B9615B41FB61D7E90623D7
:105C100041465118396149464B417B614FF00002C2
:105C20004FF00003D7E904AB5946CB00514643EA95
:105C300051735146CA0010461946034642469B1806
:105C4000C7F880304B460A4642EB0303C7F884305E
:105C5000D7F8F4305B680022BB67FA674FF00002A8
:105C60004FF00003D7E91E8949468B00414643EABD
:105C7000917341468A00D7E92001FBF705F80246F7
:105C80000B461146384BA3FB01235B09642202FB40
:105C900003F3CB1A1B013233334AA2FB03235B0904
:105CA00003F0F0031C44D7F8FC3000223B677A670E
:105CB000D7E91C8942464B469118B9605B41FB60AD
:105CC000D7E9022341465118396049464B417B6070
:105CD0004FF000024FF00003D7E900AB5946CB006C
:105CE000514643EA51735146CA00104619460346CD
:105CF00042469B18BB664B460A4642EB0303FB66D3
:105D0000D7F8F4305B6800223B667A664FF00002F9
:105D10004FF00003D7E9188949468B00414643EA12
:105D2000917341468A00D7E91A01FAF7ADFF02469E
:105D30000B460D4BA3FB02135B09642101FB03F32C
:105D4000D31A1B013233084AA2FB03235B0903F079
:105D50000F02D7F8F4301B6822449A6000BF07F5A1
:105D60008077BD46BDE8B08F1F85EB5180B588B008
:105D700000AF4A4BD3ED007A494B93ED007AF0EE39
:105D8000470AB0EE670A00F0E1FF87ED060A454BCF
:105D9000D3ED007A97ED067A37EE677ADFED426A47
:105DA000C7EE267AC7ED057A3E4ABB6913603F4BC2
:105DB000D3ED007AB0EEE77ADFED3D6AC7EE267AE2
:105DC000B7EE007A77EE677AC7ED077AD7ED077AF4
:105DD0009FED377AF4EEC77AF1EE10FA01D5354B24
:105DE000FB61D7ED067AF0EEE77A9FED337AF4EEB9
:105DF000C77AF1EE10FA07D5D7ED077A9FED2F7A23
:105E000067EE877AC7ED077AD7ED077A9FED2C7A90
:105E100067EE877AC7ED047A2A4BFB602A4BBB609A
:105E2000224BD3ED007A97ED027A67EE277AC7ED21
:105E3000017A97ED047AD7ED067A27EE277AD7ED27
:105E4000036AD7ED057A66EEA77A37EE277AD7EDA3
:105E5000017A77EE277A1D4BC3ED007A1B4BD3ED09
:105E6000007A9FED1B7AF4EEC77AF1EE10FA01D5B5
:105E7000184B0DE0154BD3ED007A9FED177AF4EE39
:105E8000C77AF1EE10FA01DD144B01E00F4B1B68ED
:105E90000E4A136000BF2037BD4680BD18040020A5
:105EA000E0040020640400200AD7A33C080400207A
:105EB0009A99993E9A99993EC3B8323E9A99193F58
:105EC0000AD7233D0AD7233B0AD7233C00000020F2
:105ED0009A9999BF9A9999BF9A99993F9A99993F96
:105EE00080B485B000AF87ED030AC7ED020A786081
:105EF0003960D7ED027A9FED0F7A67EE877A97EDDA
:105F0000037A77EE677A7B68C3ED007AD7ED027A81
:105F10009FED087A27EE877AD7ED037A77EE277A16
:105F20003B68C3ED007A00BF1437BD465DF8047BC3
:105F3000704700BF9A99993D80B52DED028B86B0D0
:105F400000AF87ED010AC7ED000A97ED007AD7EDA3
:105F5000017A77EE277AB6EE007A67EE877AC7ED98
:105F6000047A434B9B68FB60424BD3ED007A9FED74
:105F7000427A27EE877ADFED416AC7EE267A3C4BFC
:105F8000C3ED027A3A4B93ED027AD7ED037A77EEBE
:105F9000277AB6EE007A67EE877AC7ED027A344B3D
:105FA00093ED008A97ED020A05F014FCB0EE407AFA
:105FB000D7ED047A67EE277A78EE277A2C4BC3ED7B
:105FC000007A2B4B93ED018A97ED020A05F046FC0F
:105FD000B0EE407AD7ED047A67EE277A78EE277A2A
:105FE000234BC3ED017A97ED047ADFED256AC7EE06
:105FF000267A1F4BC3ED037A1D4B93ED027AD7ED42
:10600000037A77EE677AC7ED057A07E0D7ED057A70
:106010009FED1C7A77EEC77AC7ED057AD7ED057A42
:106020009FED157AF4EEC77AF1EE10FAEEDC07E098
:10603000D7ED057A9FED137A77EE877AC7ED057A6B
:10604000D7ED057A9FED107AF4EEC77AF1EE10FAEB
:10605000EED497ED057ADFED0A6AC7EE267A044B97
:10606000C3ED047A00BF1837BD46BDEC028B80BD7E
:1060700028040020E0040020DB0F494000003443E6
:106080000AD7A33CDB0FC940DB0F49C0B0B487B0CF
:1060900000AF3B1D00221A605A609A60DA601A61F4
:1060A000054B1D463C1D0FCC0FC523682B6000BF60
:1060B0001C37BD46B0BC70472804002080B500AF37
:1060C0009FED113ADFED112A9FED0F2ADFED0F1A38
:1060D0009FED0F1ADFED0F0A9FED0F0A0F4800F03A
:1060E0000DFF9FED093ADFED092A9FED072ADFED4D
:1060F000071A9FED071ADFED070A9FED070A084808
:1061000000F0FCFE00BF80BD00C0794400C079C42F
:106110008FC2F53C0000E14300409C44F0040020A5
:106120001C05002080B582B000AF874BD3ED007A0C
:10613000864B93ED007A86498648F0EE470AB0EE2A
:10614000670AFFF7CDFE834BD3ED007AF0EEE77AD6
:106150009FED817AF4EEC77AF1EE10FA0CD57F4804
:1061600000F009FF7E4B00225A637D4B00229A63A8
:106170007C4B00221A7064E0764BD3ED007A7A4BA8
:1061800093ED047A9FED791AF0EE470AB0EE670AB4
:10619000724800F00BFFF0EE407AFDEEE77A17EE62
:1061A000903AFB80724AFB8813806A4BD3ED007AE9
:1061B000F5EEC07AF1EE10FA09DDB7F90630002BE2
:1061C00005DA0023FB80654B4FF000025A61614BFA
:1061D000D3ED007AF5EEC07AF1EE10FA09D5B7F9F1
:1061E0000630002B05DD0023FB805C4B4FF00002E6
:1061F0005A61B7F90630002B0ADD5A4B01221A709A
:10620000574AB7F906305363554B00229A6318E09A
:10621000B7F90630002B0BDA524BFF221A70504BA5
:1062200000225A63B7F906305A424D4B9A6308E090
:106230004C4B00221A704A4B00225A63484B0022F2
:106240009A63434BD3ED007AF0EEE77A9FED497AFB
:10625000F4EEC77AF1EE10FA0CD5474800F08BFE49
:106260003F4B0022DA633E4B00221A64434B00226C
:106270001A7064E0364BD3ED007A414B93ED047A0B
:106280009FED3A1AF0EE470AB0EE670A3A4800F07E
:106290008DFEF0EE407AFDEEE77A17EE903ABB8085
:1062A000384ABB8813802A4BD3ED007AF5EEC07ACA
:1062B000F1EE10FA09DDB7F90430002B05DA0023FE
:1062C000BB802D4B4FF000025A61214BD3ED007A79
:1062D000F5EEC07AF1EE10FA09D5B7F90430002BCB
:1062E00005DD0023BB80244B4FF000025A61B7F953
:1062F0000430002B0ADD214B01221A70184AB7F92D
:106300000430D363164B00221A6418E0B7F9043046
:10631000002B0BDA194BFF221A70114B0022DA63A3
:10632000B7F904305A420E4B1A6408E0134B0022AE
:106330001A700B4B0022DA63094B00221A6400BF6B
:106340000837BD4680BD00BF0804002000000020C3
:10635000100400201404002017B7D138F0040020E6
:1063600000080040A8040020680400200AD7A33CCD
:106370000C040020ACC527371C050020A904002010
:10638000880400200E04002080B582B000AF87EDA5
:10639000010A07E0D7ED017A9FED417A77EEC77ADF
:1063A000C7ED017AD7ED017A9FED3E7AF4EEC77A18
:1063B000F1EE10FAEEDC07E0D7ED017A9FED387AC6
:1063C00077EE877AC7ED017AD7ED017A9FED367ABD
:1063D000F4EEC77AF1EE10FAEED9344B93ED007A71
:1063E000D7ED017A77EE277A314BC3ED017A09E0D8
:1063F0002F4BD3ED017A9FED2A7A77EEC77A2C4B9B
:10640000C3ED017A2A4BD3ED017A9FED267AF4EEA3
:10641000C77AF1EE10FAEBDC09E0254BD3ED017AF7
:106420009FED1F7A77EE877A214BC3ED017A204BDF
:10643000D3ED017A9FED1C7AF4EEC77AF1EE10FAF3
:10644000EBD91B4A7B689360194A7B68D360D7ED10
:10645000017AF5EEC07AF1EE10FA01DB012201E0DB
:106460004FF0FF32124B1A76114B002283F8242092
:106470000F4B002283F82520FBF77EFE03460C4AD3
:10648000D3610B4B00221A62094B02221A70094B8E
:106490004FF000021A6000BF0837BD4680BD00BF44
:1064A0000000B44300003443000034C3E004002083
:1064B0003C0400200804002080B584B000AF914B5C
:1064C0001B78002B00F017818E4B1B78052B00F0FA
:1064D00012818C4B1B78062B00F00D81FBF74CFED4
:1064E0000246884BDB69D31AB3F5FA6F13D9864B92
:1064F0004FF000021A60854B4FF000021A60814B8A
:1065000006221A707F4B012283F824207D4B012242
:1065100083F82520F2E07B4B93ED017A7C4BD3EDA1
:10652000007A77EE677AC7ED037A07E0D7ED037A52
:106530009FED787A77EEC77AC7ED037AD7ED037AC5
:106540009FED757AF4EEC77AF1EE10FAEEDC07E013
:10655000D7ED037A9FED6F7A77EE877AC7ED037AEE
:10656000D7ED037A9FED6D7AF4EEC77AF1EE10FA6B
:10657000EED9644AFB689360624BD3ED037A97EDE2
:10658000037A37EE677ADFED666AC7EE267AC7EDE3
:10659000017A5C4AFB68D360D7ED037A9FED617A9C
:1065A00027EE877AD7ED017ADFED5F6A67EEA67A8C
:1065B00077EE277AC7ED027AD7ED027AF5EEC07A48
:1065C000F1EE10FA04D5D7ED027AF1EE677A01E028
:1065D000D7ED027AC7ED007AD7ED007A9FED537AB6
:1065E000F4EEC77AF1EE10FA13D5D7ED007A9FEDED
:1065F000507AF4EEC77AF1EE10FA0ADDD7ED027A9E
:10660000F5EEC07AF1EE10FA01DD4A4B00E04A4B9C
:10661000BB60D7ED007AB0EE007AF4EEC77AF1EE07
:1066200010FA0CDDD7ED027AF5EEC07AF1EE10FA31
:1066300002DD4FF0804301E04FF04043BB60314A40
:10664000BB685361D7ED037AF5EEC07AF1EE10FA2C
:106650000CD5D7ED037ABFEE087AF4EEC77AF1EEE7
:1066600010FACCBF01230023DBB20BE0D7ED037A95
:10667000B7EE087AF4EEC77AF1EE10FA4CBF0123B8
:106680000023DBB2002B2BD01E4B1B78032B07D033
:106690001C4B03221A70FBF76FFD0346194A136265
:1066A0001A4B4FF000021A60FBF766FD0246154BCD
:1066B0001B6AD31A312B20D9154B1B68114A136161
:1066C000114B4FF000021A60104B4FF000021A609D
:1066D0000C4B05221A700B4B012283F824200CE08E
:1066E000084B02221A70084B4FF000021A60074A4A
:1066F000BB68136002E000BF00E000BF1037BD467A
:1067000080BD00BF3C0400200804002000000020E1
:10671000E00400200000B44300003443000034C310
:106720000AD7A33C8FC2753D6F12033C8FC2F53D63
:106730006F12833A8FC2F53D8FC2F5BD80B588B028
:1067400000AF7860FBF718FD0346784A13607B685A
:106750001B68B3F1804F66D14FF080435B6BFB61E8
:10676000734B5B68FA69D31ABB61714AFB6953606A
:106770006E4B1B686E4A93606D4BDB6801336C4A4D
:10678000D360BB69642B30D9694ABB691360BB69AC
:1067900007EE903AB8EE677ADFED666AC6EE877A62
:1067A000C7ED057A644B1B785BB2002B06DAD7ED98
:1067B000057AF1EE677A5E4BC3ED047A5E4B1B7887
:1067C0005BB2002B02DD5A4A7B691361BB6907EE9D
:1067D000903AB8EE677ADFED596AC6EE877A544B85
:1067E000C3ED057A524B01221A77534B1B785BB2EB
:1067F000002B09DA4E4BD3ED067A9FED517A77EEF6
:10680000C77A4B4BC3ED067A4B4B1B785BB2002B20
:1068100009DD474BD3ED067A9FED497A77EE877A0B
:10682000434BC3ED067A7B681B68464A934265D1A9
:10683000444B9B6B3B61444B5B683A69D31AFB60EA
:10684000414A3B695360394B1B683F4A93603E4B5A
:10685000DB6801333C4AD360FB68642B30D93A4A89
:10686000FB681360FB6807EE903AB8EE677ADFEDDD
:10687000316AC6EE877AC7ED027A344B1B785BB279
:10688000002B06DAD7ED027AF1EE677A2E4BC3EDD4
:10689000047A2E4B1B785BB2002B02DD2A4ABB68C0
:1068A0001361FB6807EE903AB8EE677ADFED236A72
:1068B000C6EE877A244BC3ED057A234B01221A7763
:1068C000224B1B785BB2002B09DA1F4BD3ED067A03
:1068D0009FED1B7A77EEC77A1B4BC3ED067A1B4BF5
:1068E0001B785BB2002B09DD174BD3ED067A9FEDC9
:1068F000147A77EE877A144BC3ED067A7B681B68AF
:10690000134A93420ED17B681B7F012B02D1114B9E
:1069100001229A747B681B7F022B03D10D4B01224D
:1069200083F8262000BF2037BD4680BD0404002028
:1069300068040020B8881F46A8040020001B374ABE
:106940006CDB293C000C004088040020A9040020D6
:1069500000000140AC04002080B500AF0748FDF7FF
:1069600027FC0748FDF724FC00210448FDF704FE3E
:1069700004210348FDF700FE00BF80BDE4020020B3
:106980007403002080B500AF0B4B00229A740A4BB1
:10699000002283F82620084B0022DA60064B0022F2
:1069A0001A6200210548FDF7E7FD04210348FDF7C1
:1069B000E3FD00BF80BD00BFAC0400209C020020AE
:1069C00080B582B000AF03460A46FB711346BB8018
:1069D0000C4AFB7993620B4ABB88D36200210A48B8
:1069E000FDF7A8FC04210848FDF7A4FC082106488F
:1069F000FDF7A0FC0C210448FDF79CFC00BF083704
:106A0000BD4680BD000800402C03002080B400AFCC
:106A1000054B00225A63044B00229A6300BFBD4617
:106A20005DF8047B704700BF0008004080B400AFF1
:106A3000054B0022DA63044B00221A6400BFBD46F6
:106A40005DF8047B704700BF0008004080B500AFD0
:106A5000054B00221A70054B00221A70FFF7E6FF63
:106A6000FFF7D4FF00BF80BDA8040020A9040020C8
:106A700080B582B000AF03460A46FB711346BB8067
:106A8000BA88FB7911461846FFF79AFFFFF7DEFF39
:106A900000BF0837BD4680BD80B586B004AF642016
:106AA000FBF776FB0A23029301230193FB1D00935E
:106AB00001237522D0212A48FCF7ACF8FB79682B1A
:106AC00049D10123BB710A23029301230193BB1D0A
:106AD000009301236B22D0212148FBF7A1FF0A205C
:106AE000FBF756FB0923BB710A2302930123019391
:106AF000BB1D009301231922D0211948FBF790FFF9
:106B00000323BB710A23029301230193BB1D00934E
:106B100001231A22D0211248FBF782FF0023BB7108
:106B20000A23029301230193BB1D009301231B221F
:106B3000D0210B48FBF774FF0123BB710A2302939A
:106B400001230193BB1D009301233822D021044867
:106B5000FBF766FF00E000BF0837BD4680BD00BF01
:106B60004802002080B588B004AF0023FB600023FA
:106B7000BB601EE00A230293022301933B1D009396
:106B800001234722D0211948FCF744F83B791BB276
:106B90001B021AB27B791BB21343FB80B7F9063094
:106BA000FA681344FB600120FBF7F2FABB6801337B
:106BB000BB60BB68B3F5FA6FDCDBFB6807EE903AAD
:106BC000F8EEE77ADFED0A6A87EEA67ADFED096A6A
:106BD000C7EE267A084BC3ED007A084B4FF000024F
:106BE0001A6000BF1037BD4680BD00BF48020020BC
:106BF0000000FA4400000343DC040020E00400200D
:106C000080B586B004AF0A230293022301933B1D93
:106C1000009301234722D0210F48FBF7FBFF3B796C
:106C20001BB21B021AB27B791BB213431AB20B4B75
:106C30001A800A4BB3F9003007EE903AB8EEE77AC3
:106C4000DFED076AC7EE267A064BC3ED007A00BF78
:106C50000837BD4680BD00BF48020020D404002094
:106C600000000343D804002080B485B000AF87ED56
:106C7000010A2E4B93ED007A2D4BD3ED007A77EE7F
:106C8000677AC7ED037AD7ED037A9FED2A7AF4EE9F
:106C9000C77AF1EE10FA0BDDD7ED037A9FED267A75
:106CA000F4EEC77AF1EE10FA02D54FF00003FB6064
:106CB00097ED037AD7ED017A27EE277A1F4BD3EDB4
:106CC000007A77EE277A1D4BC3ED007A1B4BD3ED8C
:106CD000007A9FED1B7AF4EEC77AF1EE10FA09DD27
:106CE000164BD3ED007A9FED177A77EEC77A134BE8
:106CF000C3ED007A114BD3ED007A9FED137AF4EED9
:106D0000C77AF1EE10FA00D409E00C4BD3ED007A0B
:106D10009FED0C7A77EE877A084BC3ED007A00BFBF
:106D20001437BD465DF8047B704700BFD8040020CF
:106D3000DC040020CDCC4CBDCDCC4C3DE00400208B
:106D4000000034430000B443000034C380B485B075
:106D500000AF87ED010AC7ED000A97ED017AD7ED84
:106D6000007A77EE677AC7ED037AD7ED037A9FED65
:106D7000157AF4EEC77AF1EE10FA07DDD7ED037A53
:106D80009FED117A77EEC77AC7ED037AD7ED037AD4
:106D90009FED0E7AF4EEC77AF1EE10FA07D5D7ED33
:106DA000037A9FED097A77EE877AC7ED037AFB685D
:106DB00007EE903AB0EE670A1437BD465DF8047BE3
:106DC000704700BF000034430000B443000034C3E8
:106DD00080B586B000AF0346FB80FB88B3F5805FCB
:106DE00079D13F4B7B61FFF70BFF97ED050AFFF76A
:106DF0003BFF3C4B1B78DBB20133DAB2394B1A70E4
:106E0000384B1B78DBB2012B65D9364B00221A7048
:106E1000354B93ED067A354BD3ED007A77EE677AF2
:106E2000C7ED047A324B93ED067A324BD3ED007AFC
:106E300077EE677AC7ED037A2B4B9B692B4A136079
:106E40002B4B9B692B4A1360D7ED030A97ED040A7D
:106E5000FFF772F8244B1B7F002B12D0FBF78CF945
:106E60000246214B9B68D31A642B0AD91E4B4FF064
:106E700000021A611C4B4FF000025A611A4B0022AB
:106E80001A771B4B1B7F002B12D0FBF775F90246BC
:106E9000174B9B68D31A642B0AD9154B4FF000028D
:106EA0001A61134B4FF000025A61114B00221A77FE
:106EB000114B1B78002B07D00F4B1B78052B03D0F1
:106EC0000D4B1B78062B02D1FEF750FF01E0FFF7B8
:106ED000F3FAFFF727F900BF1837BD4680BD00BFA2
:106EE0000AD7233CE404002068040020E8040020C2
:106EF00088040020EC0400203C04002080B489B009
:106F000000AFF86187ED060AC7ED050A87ED041AA0
:106F1000C7ED031A87ED022AC7ED012A87ED003A73
:106F2000FB69BA691A60FB697A695A60FB693A6958
:106F30009A60FB694FF00002DA60FB694FF00002D3
:106F40001A61FB694FF000025A61FB694FF00002C1
:106F50009A61FB69FA68DA61FB69BA681A62FB69CF
:106F60007A685A62FB693A689A6200BF2437BD4664
:106F70005DF8047B704780B483B000AF78607B68B5
:106F80004FF00002DA607B684FF000021A617B6804
:106F90004FF000025A617B684FF000029A6100BF17
:106FA0000C37BD465DF8047B7047000080B487B0A5
:106FB00000AFF86087ED020AC7ED010A87ED001AFD
:106FC000FB68002B02D14FF000038BE0D7ED007A75
:106FD000F5EEC07AF1EE10FA02D8FB689B6981E009
:106FE00097ED027AD7ED017A77EE677AFB68C3ED09
:106FF000037AFB6893ED057AFB68D3ED036AD7ED5E
:10700000007A66EEA77A77EE277AFB68C3ED057AF9
:10701000FB6893ED057AFB68D3ED097AB4EEE77A65
:10702000F1EE10FA02D5FB685B6A0FE0FB6893EDA6
:10703000057AFB68D3ED0A7AB4EEE77AF1EE10FA3E
:1070400002DDFB689B6A01E0FB685B69FA685361DB
:10705000FB6893ED037AFB68D3ED047A77EE676AF9
:1070600097ED007AC6EE877AC7ED057AFB6893ED57
:10707000007AFB68D3ED037A27EE277AFB68D3ED1D
:10708000016AFB68D3ED057A66EEA77A37EE277AB8
:10709000FB68D3ED026AD7ED057A66EEA77A77EE44
:1070A000277AFB68C3ED067AFB68DA68FB681A6129
:1070B000FB68D3ED067A9FED107AF4EEC77AF1EE15
:1070C00010FA01D50D4B0DE0FB68D3ED067A9FED6C
:1070D0000C7AF4EEC77AF1EE10FA01DD094B01E00B
:1070E000FB689B6907EE903AB0EE670A1C37BD4615
:1070F0005DF8047B704700BF00C079C400C079C44C
:1071000000C0794400C079442DE9FF4757EC106B6B
:10711000002F0C4619463B46BBBF07F100431F46F4
:1071200000232D230B700D9BDDF830A0914623F03A
:107130002008BCBF32461646B8F1460F05D0B8F15C
:10714000450F00D10134022100E0032103AB01937C
:1071500002AB009347EC106B5346224601F07CF8DB
:10716000B8F1470F054619D119F0010F0ED000EB09
:1071700004090022002330463946F9F7A5FC08B17E
:10718000CDF80C903022039B4B451ED3039B0E9AE7
:107190005B1B2846136004B0BDE8F087B8F1460FCA
:1071A00000EB0409E5D10378302B0AD1002200233B
:1071B00030463946F9F788FC18B9C4F10104CAF819
:1071C0000040DAF800309944D3E7591C03911A7053
:1071D000D9E7F7B50029BABF49422D232B23092946
:1071E0000270437029DD0DF107031D460A271A4678
:1071F000B1FBF7F607FB1614303402F8014C0C46CD
:10720000632C03F1FF333146F1DC3031941E03F877
:10721000011C411C2346AB420AD30DF109039B1A02
:10722000AC4288BF002302330344181A03B0F0BDF8
:1072300013F8016B01F8016FEDE7302330318370F3
:10724000C170031DF1E700002DE9F04F8DB00C4631
:10725000DDF8588016461F46054600F0E9FE036833
:1072600004931846F9F704F800230A93D8F800307D
:107270000590073323F0070303F1080294F818A0E0
:10728000D4F800B0C8F80020D3E9008929F0004301
:107290000793CDF81880C4E91289DDE906019C4BFB
:1072A0004FF0FF32F9F742FC70BBDDE90601984B65
:1072B0004FF0FF32F9F71CFC30BB002200234046A0
:1072C0004946F9F70BFC10B12D2384F84330914A5D
:1072D000914BBAF1470F8CBF904698460323236128
:1072E0002BF0040323604FF00009009733460BAAEC
:1072F0002146284600F0D2F9013040F08D804FF051
:10730000FF300DB0BDE8F08F42464B46404649463F
:10731000F9F70CFC40B14B46002BBCBF2D2384F881
:1073200043307E4A7E4BD4E763680AF0DF02069260
:107330005A1C3BD1062363604BF480620023226019
:1073400003930AABCDE901A309AB0093616849EC53
:10735000108B0DF123032846FFF7D6FE069B0999F3
:10736000472B804629D1C81C02DB6368994241DD66
:10737000AAF1020A5FFA8AFA0139524604F1500072
:107380000991FFF726FF0A9A1318012A8146236103
:1073900002DC2268D20701D5013323619DF8233036
:1073A000002BA2D02D2384F843309EE7069A472A6B
:1073B000C2D1002BC0D10123BDE7BAF1650FDBD9E3
:1073C000BAF1660F18D1002963680BDD216113B98A
:1073D0002268D00702D501330B442361A1654FF029
:1073E0000009DBE713B92268D20701D50233F4E7BD
:1073F0000123F2E74FF0670A0A9B994205DB2368F5
:107400002161D807EAD54B1CE7E70029D4BFC1F1B9
:10741000020201221344E0E723685A0507D42369D6
:10742000424631462846B84701302BD167E7BAF1CA
:10743000650F40F2DD80D4E9120100220023F9F744
:1074400043FB002833D0374A012331462846B8474A
:1074500001303FF454AFDDE90938434502DB2368CE
:10746000D8070FD5DDE9042331462846B847013057
:107470003FF445AF4FF0000908F1FF3804F11A0A54
:10748000C84509DC23689B0700F10381E0680B9B7A
:107490009842B8BF184634E7012352463146284681
:1074A000B84701303FF42BAF09F10109E8E7099B28
:1074B000002B39DC1B4A012331462846B8470130EE
:1074C0003FF41DAFDDE9093959EA030302D123680E
:1074D000D907D7D5DDE9042331462846B84701301E
:1074E0003FF40DAF4FF0000A04F11A0B099B5B4209
:1074F000534501DC4B4693E701235A463146284663
:10750000B84701303FF4FBAE0AF1010AEEE700BFD5
:10751000FFFFEF7FF4C20008F0C20008FCC20008C1
:10752000F8C2000800C30008A36DDDF828A0534589
:10753000A8BF5346002B994636DC4FF0000B29EAD2
:10754000E97904F11A02A36D0693A3EB09035B45E5
:1075500031DC099B9A453ADC2368DA0737D4099B6A
:10756000AAEB0309069BAAEB03039945A8BF99461A
:10757000B9F1000F33DC4FF0000829EAE97904F192
:107580001A0B099BAAEB0303A3EB090343457FF7FF
:1075900079AF01235A4631462846B84701303FF4B7
:1075A000AEAE08F10108ECE7424631462846B8473E
:1075B0000130C2D1A3E60123314628460692B847DE
:1075C00001303FF49CAE069A0BF1010BBBE7DDE9FD
:1075D000042331462846B8470130C0D18FE6069AC9
:1075E0004B46424431462846B8470130C3D186E66F
:1075F000DDF828A0BAF1010F01DCDB0736D5012345
:10760000424631462846B84701303FF478AEDDE9BE
:10761000042331462846B84701303FF470AED4E920
:107620001201002200230AF1FF3AF9F74DFAC0B91E
:10763000534608F1010231462846B84701300CD1C3
:107640005DE601235A4631462846B84701303FF4EB
:1076500056AE08F10108D045F3DB4B4604F1500269
:10766000DFE64FF0000804F11A0BF4E7012342466D
:10767000E1E701234A4631462846B84701303FF446
:107680003EAE08F10108E3680B995B1A4345F0DC54
:10769000FCE64FF0000804F11909F4E72DE9F04782
:1076A000164698468A680B69DDF820909342B8BF69
:1076B0001346336091F8432007460C460AB1013364
:1076C00033602368990642BF33680233336025680C
:1076D00015F0060506D104F1190AE36832689B1A11
:1076E000AB4226DC94F843302268003B18BF0123EC
:1076F00092062BD404F1430241463846C847013074
:107700001ED02368226903F00603042B02BFE5683C
:107710003368ED1AA3680CBF25EAE575002593428E
:10772000C4BF9B1AED1800261A34B5421AD10020A6
:1077300008E00123524641463846C847013003D18C
:107740004FF0FF30BDE8F0870135C6E7E1185A1C5D
:10775000302081F84300224494F8451082F8431009
:107760000233C7E70123224641463846C847013065
:10777000E6D00136D9E700002DE9FF470F7E0C9EC9
:10778000782F914680460C469A4601F1430207D86D
:10779000622F0AD8002F00F0D180582F00F0B88057
:1077A00004F1420684F842703AE0A7F16303152B16
:1077B000F6D801A151F823F01178000825780008C7
:1077C000A1770008A1770008A1770008A177000839
:1077D00025780008A1770008A1770008A1770008A4
:1077E000A1770008237900084F780008DD780008A9
:1077F000A1770008A177000845790008A177000863
:107800004F780008A1770008A1770008E578000804
:1078100033681A1D1B68326004F1420684F8423056
:1078200001239CE033682068191D3160060601D5EC
:107830001D6803E04506FBD5B3F90050002D03DABF
:107840002D236D4284F8433058480A2311E0216803
:107850003368080653F8045B02D4490648BFADB24A
:107860006F2F5248336014BF0A230823002184F885
:1078700043106668A660002E05DB21682E4321F0C8
:10788000040121604BD01646B5FBF3F103FB115701
:10789000C75D06F8017D2F46BB420D46F4D9082B83
:1078A0000BD12368DF0708D5236961689942DEBFE1
:1078B000302306F8013C06F1FF36921B2261CDF819
:1078C00000A04B4603AA21464046FFF7E7FE0130E1
:1078D0004AD14FF0FF3004B0BDE8F087236843F091
:1078E000200323603248782784F845702368316884
:1078F0001F0651F8045B02D45F0648BFADB2316089
:10790000D90744BF43F0200323601DB11023ADE726
:107910002648E9E7236823F020032360F6E71646AC
:10792000BDE7336825686169181D30602E061B6845
:1079300001D5196002E06806FBD519800023236198
:107940001646BCE733681A1D32601E686268002163
:107950003046F8F73DFC08B1801B60606368236126
:10796000002384F84330AAE723693246494640465B
:10797000D0470130ADD023689B0713D4E068039B48
:107980009842B8BF1846A6E701233246494640460A
:10799000D04701309DD00135E36803995B1AAB42B3
:1079A000F2DCEBE7002504F11906F5E702C3000855
:1079B00013C300082DE9F04F87B0914603938B68FD
:1079C0005A1EB2F5AE7F81BF6FF4AE7503EB050BA7
:1079D00040F25D138B600B680A464FF0000543F4DC
:1079E000F06342F81C3BCDE9045580460C4698BF35
:1079F0004FF0000B01921646AA462F460295A26848
:107A00005AB1D9F800301B784E2B63D8402B3BD8A5
:107A1000A3F12B01C8B20E2839D91FB1236823F472
:107A2000807323600AF1FF3ABAF1010F00F214816A
:107A3000019B9E4200F20581012007B0BDE8F08F56
:107A4000A3F161020D2AE8D801A151F822F000BF8C
:107A5000997B00081B7A00081B7A00081B7A000833
:107A6000F57B0008CF7B00081B7A00081B7A000812
:107A7000A77B00081B7A00081B7A00081B7A000805
:107A80001B7A0008637B0008A3F14102DAE70E29A4
:107A9000C3D801A050F821F0537B00081B7A0008DE
:107AA000537B0008E37B00081B7A0008F57A000886
:107AB000397B0008397B0008397B0008397B0008D6
:107AC000397B0008397B0008397B0008397B0008C6
:107AD000397B00086E2B09D8602BB1D8542B7BD092
:107AE000592B9AD1072D98D108252FE0742B73D0EC
:107AF000792BF6E72168C8051ED521F080012160A9
:107B00000137BBF1000F03D001320BF1FF3BA26044
:107B1000A368013BA360236901332361D9F80430D2
:107B2000013B002BC9F8043040F38280D9F80030C3
:107B30000133C9F8003062E71AEB05017FF46DAF3D
:107B4000226822F4C07222600D468A4606F8013B84
:107B5000DEE7226810067FF560AF22F08002226027
:107B6000F4E7BAF1000F0CD177B9226802F4E061B2
:107B7000B1F5E06F08D122F4F06222604FF0010A03
:107B8000E4E7BAF1020F50D0012D02D0042D7FF4AA
:107B900044AF0135EDB2D9E7BAF1010F7FF43DAF43
:107BA0004FF0020AD2E775B9002F7FF437AF226891
:107BB00002F4E061B1F5E06F40F0038122F4F0627D
:107BC00022600125C2E7032DE3D0052DDFE7022D5A
:107BD0007FF423AF0325B9E7062D7FF41EAF0725F9
:107BE000B4E7226891057FF518AF22F42072226075
:107BF0000297ABE7226802F4A061B1F5806F05D06F
:107C000050057FF50AAF002F00F0DB80910558BFCB
:107C1000029922F4F06258BF791A42F4C07258BF38
:107C2000CDE904162260002790E74FF0030A8DE7A4
:107C3000D4F8803149464046984700283FF4DFAEEB
:107C4000EBE6D4F87C3116F8011D4A4640469847C9
:107C50002369013B2361EBE66B1E062B24D8022D22
:107C600036D8019B9E427FF6E7AED4F87C3116F8F9
:107C7000011D4A46404698472369013B2361F0E7CE
:107C8000D4F87C311BF8011D4A46404698472369C9
:107C9000013B23610AF1FF3A5FFA8AFABAF1020F57
:107CA000EED1033DEDB2761B2368DA0530D55B05D6
:107CB00011D5019B9E427FF6BFAED4F87C3116F8F9
:107CC000011D4A46404698472369013B2361F0E77E
:107CD000AA46B346DEE716F8011C2369652903F1BD
:107CE000FF3306F1FF3523610CD045290AD0D4F8C3
:107CF0007C314A4640469847236916F8021C013BEE
:107D0000B51E2361D4F87C314A46404698472E463A
:107D1000226812F0100201D000208EE63270236833
:107D200003F4C063B3F5806F25D1029B9F420AD054
:107D3000DA1B04F26F139E4228BF04F5B77622497E
:107D4000304600F007F901990022404602F000FC9D
:107D5000039B21681B6811F0020F57EC106B03F1B5
:107D6000040215D003990A601B68C3E90067E36841
:107D70000133E360D0E7049B002BE4D005990A238C
:107D80000131404602F064FC049B059EC21AD0E714
:107D900011F0040F03990A60E6D11D6832463B4694
:107DA00030463946F8F7C2FE28B1084800F0C6F957
:107DB00085ED000ADBE730463946F8F715FF286005
:107DC000D5E700272EE600BF24C3000865C40008DD
:107DD000002310B50446C0E90033C0E904338360D2
:107DE00081814366C2818361194608225C3000F0BC
:107DF00016F90D4B63620D4BA3620D4BE3620D4B05
:107E000023630D4B24629C4206D003F16802944226
:107E100002D0D0339C4205D104F15800BDE8104097
:107E200000F07AB910BD00BF997F0008BB7F000841
:107E3000F37F00081780000848050020024A034924
:107E4000034800F069B800BF100000200DAA000828
:107E50002000002041680C4B994210B5044601D027
:107E600002F0D4FDA168094B994202D0204602F0ED
:107E7000CDFDE168064B994204D02046BDE8104094
:107E800002F0C4BD10BD00BF48050020B0050020B1
:107E90001806002010B50B4B0B4C0C4A1A602046FC
:107EA00000220421FFF794FF04F168000122092158
:107EB000FFF78EFF04F1D0000222BDE8104012212E
:107EC000FFF786BF80060020480500203D7E0008A1
:107ED000014800F022B900BF89060020014800F0E7
:107EE0001DB900BF8906002010B50446FFF7F0FF5A
:107EF000236A1BB1BDE81040FFF7F0BF044B2362BB
:107F0000044B1B68002BF5D1FFF7C4FFF2E700BF5D
:107F1000557E0008800600202DE9F8430746884674
:107F200014460026D4E90195B9F1010905D5246864
:107F3000002CF7D13046BDE8F883AB89012B07D977
:107F4000B5F90E30013303D029463846C047064301
:107F50006835E9E70EB410B59DB01FAB02900690EE
:107F60006FF000410A48079104910A4953F8042B25
:107F70000591002402A9006801931B9402F0C6FB3E
:107F8000029B1C701DB0BDE8104003B0704700BFDD
:107F90001C0000200802FFFF10B50C46B1F90E10BE
:107FA00000F06CF80028ABBF636DA3891B1823F4A5
:107FB0008053ACBF6365A38110BD2DE9F0411F461E
:107FC0008B89DB0505460C46164605D5B1F90E1022
:107FD0000223002200F040F8A389B4F90E1023F424
:107FE0008053A38132463B462846BDE8F04100F06D
:107FF00057B810B50C46B1F90E1000F02DF8431C1F
:10800000A38915BF606523F4805343F48053A38193
:1080100018BFA38110BDB1F90E1000F00DB80244D5
:108020000346934200D1704703F8011BF9E70000B3
:10803000004870475C01002038B5064D0023044617
:1080400008462B60F9F78CFF431C02D12B6803B163
:10805000236038BD8406002038B5074D0446084625
:10806000114600222A601A46F9F7A1FF431C02D1EB
:108070002B6803B1236038BD8406002038B5074D56
:1080800004460846114600222A601A46F9F72FFFD7
:10809000431C02D12B6803B1236038BD8406002045
:1080A00038B5074D04460846114600222A601A4694
:1080B000F9F73AFF431C02D12B6803B1236038BDA6
:1080C00084060020014B1868704700BF1C00002088
:1080D00070B50D4D0D4C641BA4100026A64209D1AD
:1080E0000B4D0C4C04F0EAF8641BA4100026A642C9
:1080F00005D170BD55F8043B98470136EEE755F8B9
:10810000043B98470136F2E7F4CA0008F4CA0008B5
:10811000F4CA0008F8CA00087047704770470A445C
:10812000914200F1FF3300D1704710B511F8014BB7
:1081300003F8014F9142F9D110BD00009FED010AF3
:10814000704700BF0000C07F2DE9F74F03690C693D
:10815000A34207467EDB013C01F11408A30000F1B5
:108160001405009305EB8403019358F8243055F867
:10817000242001339A4208EB8409B2FBF3F62ED394
:108180004FF0000AC446AE46D3465CF8043B98B2B2
:1081900006FB00A0020C1B0C06FB0323DEF80020EC
:1081A00080B292B2121A5A44DEF800004FEA134A23
:1081B0009BB2C3EB224303EB104392B242EA034269
:1081C000E1454EF8042B4FEA234BDED2009BEB58DF
:1081D0002BB9019B043B9D421A462FD33C61384684
:1081E00001F0C6F9002825DB2946002058F8042BA9
:1081F000D1F800C01FFA82FE1FFA8CF3A3EB0E0326
:108200000344120CC2EB234202EB1C429BB243EA32
:108210000243C14541F8043B4FEA2240E6D255F8FB
:10822000242005EB840322B9043B9D421A460BD35C
:108230003C610136304603B0BDE8F08F1268043B64
:10824000002ACBD1013CC6E71268043B002AEFD1DB
:10825000013CEAE70020EEE72DE9F04FC76997B04F
:108260008DED040B55EC104B209E079181460C922E
:1082700011937FB9102000F009FE0246C9F81C00D6
:1082800020B9A94BEF21A94802F02EFCC0E90177E3
:108290000760C760D9F81C30196859B15A684A603C
:1082A000012393408B60484600F0E6FED9F81C306D
:1082B00000221A602B1EB9BF23F000430593002350
:1082C0003360059F9A4BBCBF01223260BB4312D181
:1082D000119A42F20F731360C7F31303234300F0A4
:1082E0005A85219BDFF85CA2002B00F05C850AF127
:1082F000030300F056BD9DED047B002251EC170BEB
:1083000000238DED0A7BF8F7DFFB804658B1119A08
:1083100001231360219B13B1219A864B1360DFF870
:1083200028A200F040BD9DED0A0B14AA15A94846ED
:1083300001F03EFAC7F30A560290002E78D00B9B4C
:10834000CDF84880C3F31303DDE90A0143F07F53FE
:1083500043F44013A6F2FF3619460022764BF7F796
:1083600093FF6BA3D3E90023F8F746F96AA3D3E997
:108370000023F7F78BFF044630460D46F8F7D2F896
:1083800067A3D3E90023F8F737F902460B462046E6
:108390002946F7F77BFF04460D46F8F7DDFB002280
:1083A0000746002320462946F8F798FB40B1384697
:1083B000F8F7B8F822462B46F8F786FB00B9013FDC
:1083C000162F52D85D4B03EBC703D3E90023DDE939
:1083D0000A01F8F783FB002849D0013F00231093DE
:1083E000149B9B1B5A1E45BFC3F10103009300233E
:1083F0000023069254BF00930693002F39DB069B9F
:108400000D973B44069300230893079B092B63D8E1
:10841000052BC4BF043B0793079BA3F10203CCBF0A
:1084200000240124032B63D8DFE803F05254372BD8
:10843000DDE914631E4406F23243202BC1BFC3F1B1
:1084400040039F4006F2124324FA03F3D6BFC3F160
:10845000200347EA030004FA03F0F8F753F8012277
:10846000A1F1F873013E129276E70123B7E710906D
:10847000B6E7009BDB1B00937B42089300230D9320
:10848000C3E7012309930C9B07EB030B0BF10103DB
:10849000012B0393B8BF012306E0012309930C9B32
:1084A000002B28DD9B460393D9F81C0000210422F1
:1084B00002F114059D4226D94160484600F09CFD1A
:1084C0008246002842D11E4B024640F2AF11DAE646
:1084D0000023E3E70023D5E7012400230793099451
:1084E0004FF0FF3B0022CDF80CB012230C92DBE7DB
:1084F00001230993F4E74FF0010BCDF80CB05B4674
:10850000CDF830B0D0E701315200D1E7AFF30080B1
:1085100061436F63A787D23FB3C8608B288AC63F89
:10852000FB799F501344D33F36C300084DC3000866
:108530000000F07F01C300080000F83F00C50008FC
:10854000A5C3000832C3000800C30008D9F81C30D6
:108550001860039B0E2B00F2A180002C00F09E807F
:10856000002F33DD9C4B07F00F0203EBC20393EDAA
:10857000007BF8058DED0E7B4FEA271416D5974B3F
:10858000DDE90A01D3E90823F8F760F9CDE9040130
:1085900004F00F040326914D54B9DDE90E23DDE903
:1085A0000401F8F753F9CDE9040128E00226F2E7C7
:1085B000E10708D5DDE90E01D5E90023F8F71CF83D
:1085C000CDE90E01013664100835E5E700F0AF8013
:1085D0007C42814B814D04F00F0203EBC203D3E9CF
:1085E0000023DDE90A01F8F707F8CDE904012411B9
:1085F00000230226002C40F08F80002BD3D1109B4B
:10860000DDE90445002B00F09480754B00222046E4
:108610002946F8F763FA002800F08B80039B002BB3
:1086200000F08780BBF1000F34DD20466D4B002247
:108630002946F7F7E1FFCDE9040107F1FF380136DC
:108640005C463046F7F76EFFDDE90423F7F7D4FF09
:10865000654B0022F7F71AFE0546A1F15076002C73
:108660006AD1DDE90401614B0022F7F70DFE0246F5
:108670000B46CDE904232A463346F8F74DFA002885
:1086800040F09882DDE904012A4606F10043F8F73C
:1086900025FA38BBDDE90A34CDE90434159B002BFB
:1086A000C0F257810E2F00F354814B4B03EBC703ED
:1086B00093ED007B0C9B002B8DED007B80F2E58021
:1086C000039B002B00F3E1800CD1484B002251ECBE
:1086D000170BF7F791FFDDE90423F8F713FA0028E9
:1086E00000F06682002425460C9B56466FEA03087C
:1086F00000272146484600F0BFFC002D00F0BD8059
:108700002FB1AF4203D03946484600F0B5FC2946A8
:10871000484600F0B1FCB0E0E20705D5D5E90023FA
:10872000F7F76AFF013601236410083562E7022675
:1087300065E7039CB84684E7274B099903EBC4031C
:1087400053E902235444002954D029490020F8F762
:108750007DF833462A46F7F797FDCDE90E015646D8
:10876000DDE90401F8F7F8F90546F7F7DBFE024604
:108770000B46DDE90401F7F787FD303502460B466D
:10878000CDE9042306F8015BDDE90E23F8F7A6F92D
:10879000002872D1DDE9042311490020F7F774FDA8
:1087A000DDE90E23F8F79AF9002840F0B480A642DC
:1087B0003FF470AFDDE90E010A4B0022F7F71CFF12
:1087C000084BCDE90E010022DDE90401F7F714FFA3
:1087D000CDE90401C4E700BF00C50008D8C4000803
:1087E0000000F03F0000244000001C400000144046
:1087F0000000E03F31462846F7F7FEFECDE90E01C6
:1088000013945646DDE90401F8F7A6F90546F7F793
:1088100089FE02460B46DDE90401F7F735FD3035E8
:1088200006F8015B02460B46A642CDE904234FF051
:10883000000224D1AF4BDDE90E01F7F727FD024618
:108840000B46DDE90401F8F767F9002863D1DDE99B
:108850000E23A8490020F7F717FD02460B46DDE975
:108860000401F8F73BF900283FF414AF139E731E80
:10887000139316F8013C302BF8D047463BE09E4B53
:10888000F7F7BAFECDE90401BCE7DDE90445564639
:10889000DDE9002320462946F7F7D8FFF8F75CF911
:1088A0008046F7F73FFEDDE90023F7F7A5FE024615
:1088B0000B462046294608F13004F7F7E5FC06F898
:1088C000014B039DA6EB0A04A54202460B4633D199
:1088D000F7F7DCFCDDE9002304460D46F8F71CF948
:1088E000C0B9DDE9002320462946F8F7EDF810B1BC
:1088F00018F0010F0ED10299484600F0BDFB00238D
:108900003370119B01371F60219B002B00F04B82BD
:108910001E6048E2B84633461E4613F8012D392A38
:1089200006D19A45F8D1302208F101088AF80020D2
:108930001A7801321A70A0E76F4B0022F7F75CFE3D
:108940000022002304460D46F8F7BEF800289FD009
:10895000D1E7099A002A00F0EA80079A012A00F379
:10896000CD80129A002A00F0C18003F23343089CA4
:10897000009E009A1A440092069A01211A44484621
:10898000069200F077FC054666B1069B002B09DDD8
:10899000B342009AA8BF3346D21A0092069AF61A3A
:1089A000D31A0693089B0BB3099B002B00F0C680DB
:1089B000002C00F0C08029462246484600F012FDF7
:1089C000029A01460546484600F06AFC0299804634
:1089D000484600F051FB089B1B1B089300F0B18038
:1089E000089A4146484600F0FDFC029001214846A5
:1089F00000F040FC0D9B0446002B00F0D8811A4685
:108A00000146484600F0EEFC079B012B044600F3AC
:108A10009F80049B002B40F09780059BC3F31303BA
:108A2000002B40F09380059B23F000431B0D1B059A
:108A300033B1009B01330093069B0133069301235E
:108A400008930D9B002B00F0B881236904EB83038E
:108A5000186900F0C3FBC0F12000069B184410F019
:108A60001F0000F08280C0F12003042B73DD009B07
:108A7000C0F11C0003440093069B03440644069384
:108A8000009B002B05DD02991A46484600F004FDC4
:108A90000290069B002B05DD21461A46484600F051
:108AA000FBFC0446109B002B61D00298214600F08D
:108AB0005FFD00285BDA002302990A22484600F095
:108AC000FDFA099B029007F1FF38002B00F0778137
:108AD000294600230A22484600F0F0FABBF1000FB5
:108AE00005466FDC079B022B49DC6BE0149BC3F14E
:108AF00036033CE70000E03F00002440039B5C1E7F
:108B0000089BA34209DB1C1B039B002BBFF630AF65
:108B1000009B039A9E1A00232BE7089B0D9A08944A
:108B2000E31A1A44009E039B0D92002421E7089C3F
:108B3000009E099D28E7DDF8088051E7089A029910
:108B400050E7CDF8088051E7002379E7049B77E7E9
:108B50000023089379E793D0009A1C331A440092BB
:108B6000069A1A441E4406928AE70346F4E7039BDA
:108B7000002BB84620DC9B46079B022B1EDDBBF179
:108B8000000F7FF4B1AD21465B460522484600F058
:108B900095FA01460446029800F0EAFC00287FF7A7
:108BA000A3AD5646312306F8013B08F101089FE5C5
:108BB000039CB8462546F4E7DDF80CB0099B002B72
:108BC00000F00181002E05DD29463246484600F0BE
:108BD00063FC0546089B002B5CD06968484600F0A2
:108BE0000BFA064628B9824B024640F2EF21FFF706
:108BF0004ABB2A690232920005F10C010C30FFF7E2
:108C00008EFA01223146484600F046FC0AF1010383
:108C100000930AEB0B030893049B03F001032F4618
:108C200006930546009B0298214603F1FF3BFFF7A0
:108C30008BFA03463033039039460298099300F0CB
:108C400097FC2A4604902146484600F0ADFCC268D5
:108C5000099B064602BB0146029800F089FC099B6D
:108C60000246314648460C92099300F005FA079BEC
:108C70000C9A009E42EA0301069B1943099B0DD101
:108C8000392B27D0049A002A01DD039B31338BF85E
:108C900000302EE52846B9E70122E2E704990029D1
:108CA00004DB079801430698014320D1002AEEDD3A
:108CB000029900930122484600F0EEFB2146029003
:108CC00000F056FC0028009B02DCE0D1DA07DED57C
:108CD000392BDAD139238BF8003033461E46013B5D
:108CE00016F8012C392A4ED001321A7001E5002AFB
:108CF00003DD392BEED00133C9E7009A089902F859
:108D0000013C8A4228D0029900230A22484600F0FA
:108D1000D5F9AF4202904FF000034FF00A023946F6
:108D2000484607D100F0CAF907460546009B0133C3
:108D3000009377E700F0C2F92946074600230A228C
:108D4000484600F0BBF90546F0E7BBF1000FCCBF89
:108D50005E460126564400270299009301224846A8
:108D600000F09AFB2146029000F002FC0028B4DCDF
:108D700002D1009BDB07B0D433461E4613F8012D09
:108D8000302AFAD0B5E49A45A8D1312308F1010878
:108D90008AF80030ADE4219BDFF858A01BB10AF13E
:108DA0000803219A1360504617B0BDE8F08F079B67
:108DB000012B7FF72EAE0D9B089301204DE6BBF1F2
:108DC000000F7FF7D9AE564602982146FFF7BCF94F
:108DD00000F1300306F8013BA6EB0A029345B4DD2F
:108DE000029900230A22484600F068F90290EBE756
:108DF000A5C3000829C3000838B50546002941D09D
:108E000051F8043C0C1F002BB8BFE41800F0E8F840
:108E10001D4A136833B9636014602846BDE83840C2
:108E200000F0E4B8A34208D9206821188B4201BFA2
:108E300019685B6809182160EDE71A465B680BB199
:108E4000A342FAD911685018A0420BD120680144FE
:108E5000501883421160E0D118685B685360084481
:108E60001060DAE702D90C232B60D6E720682118BE
:108E70008B4204BF19685B68636004BF09182160F6
:108E80005460CAE738BD00BF90060020024B01467F
:108E9000186800F025B800BF1C00002070B50F4E08
:108EA0000C463168054611B901F004FE30602146D8
:108EB000284601F0FFFD431C03D14FF0FF3420464C
:108EC00070BDC41C24F00304A042F8D0211A284627
:108ED00001F0F0FD0130F2D1EFE700BF8C06002079
:108EE0002DE9F843CD1C25F0030508350C2D38BFBE
:108EF0000C25002D064601DBA94204D90C23336062
:108F00000020BDE8F883DFF8D48000F069F8D8F8D5
:108F100000301C4644BB29463046FFF7BFFF431CC8
:108F2000044658D1D8F800402746002F43D1002CE2
:108F30004BD023683946304604EB030901F0BAFDF3
:108F4000814542D121686D1A29463046FFF7A6FFB8
:108F500001303AD023682B442360D8F800305A6897
:108F600062BBC8F800700FE02268521B20D40B2AA5
:108F700017D96119A342256018BF5960636808BFFB
:108F8000C8F8001062514B60304600F02FF804F131
:108F90000B00231D20F00700C21A1CBF1B1AA35090
:108FA000AFE76268A3420CBFC8F800205A60EBE745
:108FB00023466468AEE73C467F68B6E71A465B68BE
:108FC000A342FBD100235360DEE70C23336030461D
:108FD00000F00CF894E70560D6E700BF900600208B
:108FE0000148FFF79AB800BF880600200148FFF744
:108FF00095B800BF8806002070B5C66904460D46C6
:1090000076B91020FFF742FF0246E06120B9184B05
:1090100018486B2101F068FDC0E901660660C66072
:10902000E669F36883B1E369DB6853F82500B8B9F2
:10903000012101FA05F6721D9200204601F072FD31
:1090400060B1C0E901560EE021220421204601F062
:1090500069FDE369F060DB68002BE4D1002070BD9E
:10906000026843F825200023C0E90333F7E700BF77
:1090700036C30008B6C3000870B5C66905460C467D
:1090800076B91020FFF702FF0246E86120B9094BCC
:1090900009488F2101F028FDC0E901660660C6601D
:1090A0003CB1EB696268DB6853F82210216043F839
:1090B000224070BD36C30008B6C300082DE9F04158
:1090C0000D6907460C461E4601F1140C0020DCF821
:1090D000003099B202FB01611E0C0B0C02FB06333F
:1090E00089B2013001EB034185424CF8041B4FEA81
:1090F0001346ECDC0EB3A368AB4219DC616838465A
:109100000131FFF779FF804628B902460C4B0D4824
:10911000BA2101F0E9FC2269023204F10C0192004B
:109120000C30FEF7FCFF21463846FFF7A5FF44460A
:1091300004EB850301355E6125612046BDE8F081C1
:10914000A5C30008B6C300082DE9F8430C46154630
:109150001F4609220833064693FBF2F30021012241
:109160009A4209DB3046FFF747FF40B90246194BE8
:109170001948D32101F0B8FC52000131F0E7089BF7
:109180004361092D4FF00103036116DD04F1090964
:10919000C8462C4418F8013B0146303B0A223046B1
:1091A000FFF78CFFA045F5D1A5F108044C442D1B19
:1091B0006319BB4204DBBDE8F8830A340925F6E7EE
:1091C00014F8013B0146303B0A223046FFF776FF98
:1091D000EEE700BFA5C30008B6C30008B0F5803FA6
:1091E000034636BF030400201020B3F1807F3CBF4C
:1091F0001B020830B3F1805F3CBF1B010430B3F1A8
:10920000804F3CBF9B000230002B05DB13F0804FEA
:1092100000F1010008BF202070470368024613F0E8
:1092200007000BD0D90721D4980749BF5B089B08DA
:10923000012013605CBF13600220704799B209B926
:109240001B0C1020D9B209B908301B0A190704BF3A
:109250001B090430990704BF9B080230D90703D4C7
:109260005B0800F1010003D01360704700207047D5
:109270002020704710B50C460121FFF7BDFE0246C5
:1092800028B9054B054840F2451101F02DFC01239A
:109290004461036110BD00BFA5C30008B6C3000848
:1092A0002DE9F04F17460A693B699A42A8BF3B4631
:1092B0008946A4BF0F4699463D69D9F810A0BB68FE
:1092C000796805EB0A06B34285B0B8BF0131FFF7F4
:1092D00093FE30B90246414B41484FF4B17101F061
:1092E00003FC00F1140404EB860E234600227345B0
:1092F00020D307F1140809F1140108EB850501EBEF
:109300008A030293EB1B153B23F003030433153749
:10931000BD4238BF04230193029B03918B420CD8BA
:10932000002E03DD5EF8043D002B55D0066105B02C
:10933000BDE8F08F43F8042BD9E7B1F800A0BAF1EB
:10934000000F1FD0C446A14600275CF8042BD9F8B3
:1093500000301FFA82FB9BB20AFB0B333B44D9F867
:109360000070120C3F0C0AFB027202EB13429BB21C
:1093700043EA0243654549F8043B4FEA1247E4D803
:10938000019BE750039BB3F802900431B9F1000F41
:1093900020D023684746A4464FF0000AB7F800B033
:1093A000BCF8022009FB0B2252449BB243EA024361
:1093B0004CF8043B57F8043B4FEA134ABCF8003022
:1093C00009FB0A3303EB1243BD424FEA134AE5D8C7
:1093D000019AA35004349FE7013EA1E7A5C300080A
:1093E000B6C300082DE9F843154612F003020746FC
:1093F0000E4607D0254C013A002354F82220FFF7EF
:109400005DFE0646AD103DD0FC697CB91020FFF72B
:109410003DFD0246F86128B91D4B1E4840F2B311CC
:1094200001F062FBC0E901440460C460D7F81C800D
:10943000D8F808404CB940F271213846FFF71AFFBE
:109440000023C8F80800044603604FF00009EB074A
:109450000AD5314622463846FFF722FF314680467C
:109460003846FFF709FE46466D100BD0206838B924
:10947000224621463846FFF713FF2060C0F80090CF
:109480000446E4E73046BDE8F88300BFC8C40008DE
:1094900036C30008B6C300082DE9F0470C464968FA
:1094A000236903EB6218A368074691464FEA621AE4
:1094B00008F10106B3420BDB3846FFF79DFD054678
:1094C00048B90246284B29484FF4EF7101F00CFBD4
:1094D00001315B00EEE7002300F1140100F11002FE
:1094E0001846534533DB20692AEAEA7A04F114036B
:1094F00019F01F0901EB8A0103EB800C2BD0C9F195
:10950000200E8A460022186800FA09F010434AF833
:10951000040B53F8042B9C4522FA0EF2F3D8ACEB63
:109520000403153B23F00303043304F115006045E5
:1095300088BF0423CA500AB108F10206013E38462A
:109540002E612146FFF798FD2846BDE8F08742F8D6
:10955000040F0133C5E7043953F8042B41F8042FF5
:109560009C45F9D8EAE700BFA5C30008B6C30008C8
:109570000A6903460069801A30B50ED114331431DC
:1095800003EB820401EB820154F8045D51F8042DD1
:10959000954203D005D24FF0FF3030BDA342F3D344
:1095A000FBE70120F9E700002DE9F74F8946064661
:1095B000114648461446FFF7DBFF051E12D1294627
:1095C0003046FFF719FD024628B93F4B40F23721DC
:1095D0003E4801F089FA0123C0E90435104603B082
:1095E000BDE8F08FBCBF4B46A1463046D9F8041009
:1095F000BABF1C4601250025FFF7FEFC024618B93C
:10960000314B40F24521E3E7D9F810702669C56077
:1096100009F1100309F1140504F1140E00F1140B03
:1096200005EB87080EEB86060193D9464FF0000C38
:10963000019B5EF8040B53F804AF01931FFA8AF301
:10964000194683B2CB1A000C6344C0EB1A4000EBFE
:1096500023409BB243EA0043764549F8043B4FEA76
:10966000204CE5D8331B153B23F00303153404339A
:10967000A64238BF04231D445B441E462C46444585
:109680000ED308F10301491B21F00301033DA84556
:1096900038BF00210B4453F8041D91B117619DE7B9
:1096A00054F8041BE646080C1CFA81FC714400EBDC
:1096B0002C4089B241EA004146F8041B4FEA204C95
:1096C000DDE7013FE7E700BFA5C30008B6C3000818
:1096D00082B08DED000B019A0F4B1340A3F1507334
:1096E000002B08DC5B42B3F1A07F4FEA235204DA7F
:1096F0004FF400231341002208E0A2F114031E2BB3
:10970000DABF4FF00042DA4001220023194610462A
:1097100041EC100B02B070470000F07F2DE9F041E2
:10972000066900F1140808EB8606371F56F8042C6A
:109730001046FFF753FDC0F120030A280B601B49B8
:1097400015DCC0F10B0C22FA0CF3B84543EA010515
:1097500034BF56F8083C0023153002FA00F023FA13
:109760000CF303431C4645EC104BBDE8F081B845B3
:109770003ABF56F8083CA6F1080700230B3812D070
:10978000C0F1200123FA01F482402243474542F010
:109790007F558CBF57F8042C00228340CA4045F403
:1097A00040151343DEE742EA0105DBE70000F03F26
:1097B0002DE9F7430F46012159EC108B1646FFF7B0
:1097C0001BFC044630B90246234B244840F20F31BB
:1097D00001F08AF9C9F30A55C9F313030DB143F433
:1097E00080130193B8F1000323D068460093FFF77C
:1097F00014FDDDE90012D0B1C0F1200302FA03F339
:109800000B43C24063610192019BA361002B0CBF1B
:10981000012202222261A5B1A5F2334505443D6033
:10982000C0F135003060204603B0BDE8F0836161CF
:10983000EAE701A8FFF7F1FC019B636120300122F8
:10984000E8E704EB8203A0F2324038601869FFF7C2
:10985000C5FCC0EB4210E5E7A5C30008B6C300088D
:109860002DE9F04F85B0CDE9001002A9FFF756FFB2
:10987000009803A955EC104BFFF750FF019B1969A5
:10988000009B1B69C91ADDE902329B1A5BEC10AB25
:1098900003EB4113002BCEBF2A46C3EB03335A46DA
:1098A0002F46D946CCBF02EB035702EB03594B4678
:1098B000524620463946F6F7C9FF41EC100B05B079
:1098C000BDE8F08F013970B549111469013102F119
:1098D000140300EB810103EB8404051FA3420CD3A6
:1098E000A31A113B23F003031132A24288BF0023C5
:1098F00018440023884205D370BD53F8046B45F823
:10990000046FEBE740F8043BF4E700F11402006950
:109910004B11984210B511DB0ADD11F01F0107D081
:1099200052F8234024FA01F000FA01F18C420BD1E5
:1099300002EB8303934203D8002010BD0346F7E7F0
:1099400053F8041D0029F5D00120F6E770B5044650
:109950000D4645EC104B1646FFF7BAFE51EC100BC6
:109960007EB1C5F30A53C3F16B03002B09DD1B0560
:1099700003F17F55002405F5401522462B46F6F7E6
:109980003BFE41EC100B70BD2DE9F04F9FB00C4633
:10999000179200221A9205904FF0000A4FF0000B28
:1099A0000A46199211782B294AD038D80D2932D875
:1099B000082932D800293BD000220E92199D2A781E
:1099C000302A40F0B2806A7802F0DF02582A6ED165
:1099D00002930E9B01931AAB00938F4A05981BAB21
:1099E00019A901F01BF910F00F06044605D0062E48
:1099F00028D10135002319950E93179B002B40F0B9
:109A00008E850E9BCBB152460BF1004343EC102BDD
:109A10001FB0BDE8F08F2029CED10132C1E72D293A
:109A2000CAD101210E91511C19915278002AC5D139
:109A3000179B1994002B40F0708552465B46E5E772
:109A40000021EFE71A9A3AB135211CA8FFF73AFF37
:109A50001A990598FFF710FB013E1B9A042E06D8B1
:109A6000DFE806F014031D201400DDE91CABE1055E
:109A700048BF4BF0004B2BF000431B0D1B05002B88
:109A8000BBD1FEF71FFB22230360B6E7DDE91CA371
:109A900002F2334223F4801343EA025BE7E7DFF884
:109AA00080B1E4E76FF0004B4FF0FF3ADFE7199B1E
:109AB0005A1C19925B78302BF9D0002B9DD00123D2
:109AC00000270893199B0C930B97B9460A22199803
:109AD0000578A5F13003D9B2092928D94F490122C7
:109AE00000F0D6FF002832D000202A460A904D46CA
:109AF0000346652A01D0452A14D11DB9089A0243AC
:109B000096D00025199C621C199262782B2A7AD073
:109B10002D2A7ED04FF0000CA2F13001092940F22D
:109B2000858019944FF00008A5E00023C8E7B9F13B
:109B3000080FD8BF0B9900F10100DABF02FB013317
:109B40000B9302FB073709F101091990BFE7199B35
:109B50005A1C19925A78B9F1000F3BD00A904D4621
:109B6000A2F13003092B12D90123C2E7199B5A1C19
:109B700019925A780130302AF8D0A2F13103082B1B
:109B800000F2D284199B0A9000200C930546303ACB
:109B900000F1010318D00A9919440A912E464FF09A
:109BA0000A0E711CA1EB050C634515DC20EAE07080
:109BB0002B18082B05F1010505441ADC0B990A2323
:109BC00003FB01230B930023199A511C199152781E
:109BD0001846C5E74846CEE7082E05DC0B9E0EFB6F
:109BE00006F60B960E46DCE71029D8BF0EFB07F7EA
:109BF000F8E70F2BDCBF0A2303FB0727E3E700236B
:109C00000A9301237AE74FF0000CA21C1992A27864
:109C100082E74FF0010CF8E7DCC500080FC400082C
:109C20000000F07F199A511C19915278302AF9D00E
:109C3000A2F1310108293FF675AF303A0992199A1D
:109C40000F924FF00A08199A561C19965278A2F1F1
:109C5000300EBEF1090F39D90F99761A082E44F645
:109C60001F6803DC09998845A8BF8846BCF1000F2E
:109C700001D0C8F10008002D4ED1089908437FF4A7
:109C8000BCAE002B7FF4D4AE692A28D025DC492A4B
:109C900025D04E2A7FF4CCAE9A4919A801F0E0F9FC
:109CA00000283FF4C5AE199B1B78282B2ED196496E
:109CB0001CAA19A801F0E8F9052827D11D9BDDF899
:109CC00070A043F0FF4B4BF4E00B96E6099908FBBC
:109CD0000121A1F130020992B5E76E2ADAE78B493A
:109CE00019A801F0BDF900283FF4A2AE199B8849DC
:109CF000013B19A8199301F0B3F910B9199B01336D
:109D00001993DFF81CB24FF0000A76E6814800F0A4
:109D1000E3FE5BEC10AB70E60A9B0B98A8EB030329
:109D2000B9F1000F08BFA946102D09932C46A8BF12
:109D30001024F6F7E7FB092D82468B4613DC099BBE
:109D4000002B3FF45AAE099B78DD162B5FDC72497D
:109D500001EBC301D1E9000152465B46F6F74CFC2A
:109D600082468B4649E66C4B03EBC40353E912234E
:109D7000F6F742FC824638468B46F6F7C3FB0246AE
:109D80000B4650465946F6F781FA0F2D82468B4610
:109D9000D5DD099B2C1B1C44002C40F3938014F050
:109DA0000F030AD05C4901EBC30152465B46D1E97F
:109DB0000001F6F721FC82468B4634F00F0473D085
:109DC000B4F59A7F49DD0024A0460B94A146059A7C
:109DD000DFF84CB1222313604FF0000A0B9B002BDD
:109DE0003FF40BAE1A990598FFF746F905984946D6
:109DF000FFF742F905984146FFF73EF90B990598A0
:109E0000FFF73AF905982146FFF736F9F5E5099A83
:109E1000C5F125039342BCDB3F4CC5F10F0504EBB4
:109E2000C50152465B46D1E90001F6F7E5FB099B07
:109E30005D1B04EBC504D4E900238FE71633A8DBD0
:109E40000A9BA3EB0808344B03EBC808D8E90023AE
:109E500050465946F6F7FAFC82E700232F4F2411AB
:109E6000504659461E46012C21DC0BB182468B46DA
:109E70002A49ABF1547B01EBC60152465B46D1E95E
:109E80000001F6F7B9FB264B0A460B4025498B42E9
:109E9000824698D8A1F580118B4286BFDFF888B042
:109EA0004FF0FF3A02F1547B0023089376E0E2077B
:109EB00004D5D7E90023F6F79FFB01230136641090
:109EC0000837D0E7F0D0644214F00F020AD0124BEA
:109ED00003EBC20350465946D3E90023F6F7B6FC1C
:109EE00082468B462411DFD01F2C1FDD0024A046A4
:109EF0000B94A146059A22234FF0000A4FF0000B65
:109F000013606BE7FDC20008C8C50008F5C2000871
:109F10002CC3000865C4000800C50008D8C40008A8
:109F20000000F07F0000A07CFFFFEF7F14F0100323
:109F300018BF6A23A94E0893504659460023E707E5
:109F400004D5D6E90023F6F757FB0123641006F188
:109F50000806F4D10BB182468B46089BB3B1CBF314
:109F60000A52C2F16B03002B59460FDD1F2B56DD41
:109F7000342BDEBF4FF0FF33C2F14B0293404FF062
:109F8000000ACCBF4FF05C7B03EA010B00220023E8
:109F900050465946F6F798FD0028A7D10B9B009331
:109FA0000C9905982B464A46FFF7CEF80B900028EF
:109FB0003FF409AF099A0A9B002AA3EB0803A8BF44
:109FC00000231293002422EAE2731693A0460B9B0F
:109FD00005985968FFF710F8814600283FF4F7AE5E
:109FE0000B9B1A69023203F10C0192000C30FEF750
:109FF00096F84BEC10AB05981CAA1BA9CDE90CAB4D
:10A00000FFF7D6FB1A9000283FF4E1AE0598012136
:10A01000FFF730F9804648B94FF00008D7E64FF017
:10A02000FF3202FA03F303EA0A0AAFE71B9D1C9A08
:10A03000002DABBF129B169B169E129FACBFEF1854
:10A040005E1B089BED1A1544654B013D9D42C2F114
:10A05000360250DA5B1B1F2BA2EB03024FF001010B
:10A060003DDC01FA03F3139300231093BD18089B02
:10A07000AF4216441E443B46A8BF2B46B342A8BF7E
:10A080003346002BC2BFED1AF61AFF1A129B002BA3
:10A0900016DD414605981A46FFF7A4F980460028C8
:10A0A000BAD001461A9A0598FFF7FAF80A900028E4
:10A0B0003FF48DAE1A990598FEF7DEFF0A9B1A93BE
:10A0C000002D1DDC099B002B23DD4946169A0598BF
:10A0D000FFF788F98146E0B94FF0000977E6C5F14E
:10A0E0007F4505F57F0505F57B45E23501FA05F36A
:10A0F00010931391BAE70023109301231393B5E74C
:10A100001A9905982A46FFF7C7F91A900028D9D15D
:10A110005DE6002E07DD494605983246FFF7BCF99B
:10A1200081460028D8D0002F08DD414605983A46E0
:10A13000FFF7B2F9804600283FF449AE1A99059816
:10A140004A46FFF731FA044600283FF440AEC368A0
:10A150000F930023C3604146FFF70AFA002845DA4F
:10A160000F9B53EA0A036BD1CBF31303002B67D188
:10A170002BF000431B0D1B05B3F1D66F60D963694B
:10A1800013B92369012B5BDD214601220598FFF7F6
:10A1900083F941460446FFF7EBF9002850DD2BF028
:10A1A0000043089A1B0D1B05002A6AD0B3F1D66F35
:10A1B00067D8B3F15C7F7FF69DAE0A4B5046594697
:10A1C0000022F6F719FA084B0B4082468B46002B0B
:10A1D0007FF408AE059A2223136003E6F0C5000859
:10A1E00002FCFFFF000050390000F07FCDF828B0DE
:10A1F00065D10F9ACBF313035AB39F4A93422BD1E5
:10A20000089B514603B39D4B5A461340B3F1D46F9C
:10A210004FF0FF321BD81B0DC3F16B0302FA03F39F
:10A22000994219D1964B0A9A9A4202D101313FF4D0
:10A23000CEAD924B0A9A1A4002F5801B4FF0000AED
:10A24000089B002BB9D1CDE54FF0FF33E8E713466B
:10A25000E6E753EA0A03A2D0109BDBB10A9A134245
:10A26000EED00F9B089A50465946BBB1FFF76EFBE4
:10A27000DDE90C0153EC102BF6F708F882468B460B
:10A28000DEE7A3F580136FEA135B6FEA0B5B4FF019
:10A29000FF3AD5E7139B13EA0A0FE1E7FFF756FBF6
:10A2A000DDE90C0153EC102BF5F7EEFF0022002343
:10A2B00082468B46F6F708FC0028C1D01AE64146D4
:10A2C0002046FFF7CDFA57EC106B00224FF0804389
:10A2D00030463946F6F70CFC00286FD00F9B002B58
:10A2E0007AD1BAF1000F58D10A9BC3F31303002BA4
:10A2F0005AD1644B002230463946F6F7EFFB00286E
:10A3000059D130463946604B0022F6F775F90646BA
:10A310000F4607F1004306960793DDE90623574DE4
:10A32000CDE910230A9B1D40584B9D4240F0B2805E
:10A330000A9BA3F1547B4BEC10ABFFF7C9F9DDE9A5
:10A34000062351EC100BF6F757F952465B46F5F72A
:10A350009DFF0B4649494E4A19409142824642D9D7
:10A360000D9A474B9A4203D10C9B01333FF42FAD1A
:10A37000DFF80CB14FF0FF3A1A990598FEF77CFE12
:10A3800005984946FEF778FE05984146FEF774FEAB
:10A3900005982146FEF770FE19E6BAF1010F03D1C8
:10A3A0000A9B002B3FF4A6AD9FED2B7B354F8DED27
:10A3B000067B0026B1E7344F0026AAE7324B304631
:10A3C00039460022F6F718F90F9B06460F46002B78
:10A3D0009FD0CDE90667A0E79FED217B8DED067B41
:10A3E00057EC176B99E703F1547B089BCDF828B025
:10A3F000002BC1D12BF000431B0D1B059D42BBD18F
:10A4000030463946F6F758FCF6F7C8F802460B46D0
:10A4100030463946F5F738FF0B460246CDE90C23A6
:10A42000CBF313060F9B46EA0A061E436FD00EA31A
:10A43000D3E90023F6F752FB00287FF4D3AC0CA33A
:10A44000D3E90023DDE90C01F6F766FB002893D081
:10A45000C8E400BFAFF30080000000000000F0BFC0
:10A46000000000000000F03F9535A094FFFFDF3FA3
:10A4700035E5AF350000E03FFFFF0F000000F07F43
:10A48000FFFFEF7F0000F03F0000E03F0000E07FB3
:10A49000FFFF9F7C089B23B3B5F1D46F21D828A37D
:10A4A000D3E9002330463946F6F722FBA0B13946FE
:10A4B0003046F6F779FB012838BF0120F6F722F87D
:10A4C0000F9B06460F46FBB901F10043149015930C
:10A4D000DDE91423CDE91023119B03F1D6635B1B47
:10A4E00011939DED0C0BDDE910ABFFF7F1F8504631
:10A4F00053EC102B5946F6F77FF8DDE90C23F5F7FE
:10A50000C5FE82468B4670E7CDE91467E0E70EA3EF
:10A51000D3E90023F6F7E2FA98E700230E93179A9F
:10A52000199B1360FFF76DBA652A3FF468AB452AA3
:10A530003FF465AB0123FFF7A0BB00BFAFF3008082
:10A540000000C0FFFFFFDF419535A094FFFFCF3F24
:10A55000014BFFF719BA00BF6C000020242B2DE936
:10A56000F0478646904601D8012B06D1FDF7AAFD9B
:10A57000162303600020BDE8F08734480D462A46C4
:10A5800015F8014B065D16F00806F8D12D2C10D1F8
:10A590002C780126951C33F0100215D1302C0DD1EA
:10A5A0002A7802F0DF02582A08D16C78023510238D
:10A5B0000AE02B2C04BF2C78951CECE7002BF6D17D
:10A5C000302C14BF0A23082306F1004C0CF1FF3C89
:10A5D0000022BCFBF3F9104603FB19CAA4F13007B3
:10A5E000092F0FD83C46A3421BDD571C07D08145DD
:10A5F00014D301D1A24511DB00FB0340012215F861
:10A60000014BEBE7A4F14107192F01D8373CEAE7EA
:10A61000A4F16107192F04D8573CE4E74FF0FF324B
:10A62000EDE7531C08D12223CEF800306046B8F184
:10A63000000FA0D0691E06E006B14042B8F1000F3D
:10A6400099D0002AF6D1C8F8001094E719C600087E
:10A65000FFF784BF2DE9F0478E681F46BE420B68A6
:10A6600082460C4690462DD8B1F90C2012F4906F1A
:10A6700026D06569096905EB4505A3EB010905EBE2
:10A68000D5757B1C4B446D109D4238BF1D4653054C
:10A6900027D52946FEF724FC064660B321694A46C1
:10A6A000FDF73DFDA38923F4906343F08003A3816C
:10A6B000266165614E44A5EB09052660A5603E460E
:10A6C000BE4200D93E4620683246414600F0C6F9F7
:10A6D000A3689B1BA3602368334423600020BDE86C
:10A6E000F0872A4600F07DFD06460028E0D121696A
:10A6F0005046FEF781FB0C23CAF80030A38943F0D3
:10A700004003A3814FF0FF30E9E700002DE9F04F4F
:10A7100098468B891B069DB007460D46144610D5FA
:10A720000B6973B94021FEF7DBFB2860286130B963
:10A730000C233B604FF0FF301DB0BDE8F08F40238D
:10A740006B610023099320238DF82930CDF80C800C
:10A750003023DFF89C818DF82A304FF00109234621
:10A760009A4613F8012B0AB1252AF9D1BAEB040B4A
:10A770000BD05B46224629463846FFF76BFF013077
:10A7800000F0A780099A5A4409929AF80030002BE9
:10A7900000F09F8000234FF0FF32CDE905230AF13E
:10A7A000010A049307938DF853301A9354460522F7
:10A7B00014F8011B4E48F5F70BFD049AD8B9D006E2
:10A7C00044BF20238DF85330110744BF2B238DF84D
:10A7D00053309AF800302A2B15D0079A544600209F
:10A7E0004FF00A0C214611F8013B303B092B4BD9A5
:10A7F000B0B1079214E0A0EB080309FA03F3134386
:10A800000493A246D2E7039B191D1B680391002BFA
:10A81000BBBF5B4242F0020207930793B8BF0492AA
:10A8200023782E2B0AD163782A2B32D1039B1A1D51
:10A830001B68039243EAE37302340593DFF8C0A078
:10A84000217803225046F5F7C3FC38B1049BA0EBF6
:10A850000A004022824013430134049314F8011B80
:10A8600024488DF828100622F5F7B2FC002836D0CF
:10A87000214B1BBB039B073323F0070308330393D0
:10A88000099B334409936AE70CFB02320C46012012
:10A89000A8E700230134059319464FF00A0C20461F
:10A8A00010F8012B303A092A03D9002BC6D00591A4
:10A8B000C4E70CFB012104460123F0E703AB00933E
:10A8C0002A460E4B04A93846FCF7BEFC421C06463D
:10A8D000D6D1AB895B063FF52DAF09982CE703ABCA
:10A8E00000932A46054B04A93846FCF745FFEDE7DF
:10A8F00011C400081BC400084972000855A60008CE
:10A9000017C40008B1F90C202DE9F04116070546DF
:10A910000C4654D44B68002B02DC0B6C002B48DD3A
:10A92000E66A002E45D0002312F480522F68216A77
:10A930002B6030D0626DA389590705D56368D21AA0
:10A94000636B0BB1236CD21A0023E66A216A284696
:10A95000B047431CA38906D129681D292BD82A4A50
:10A96000CA40D60727D500226260D9042269226036
:10A9700004D5421C01D12B6803B96065616B2F605F
:10A98000B9B104F14403994202D02846FEF734FAE3
:10A99000002363630DE001232846B0470246501CA4
:10A9A000C9D12B68002BC6D01D2B01D0162B1ED170
:10A9B0002F60002022E043F040031BB21BE00F6930
:10A9C000002FF6D093070E6808BF4B690F6018BFC1
:10A9D0000023A6EB07088B60B8F1000FE9DD216AC0
:10A9E000A66A43463A462846B047002808DCB4F930
:10A9F0000C3043F04003A3814FF0FF30BDE8F081FD
:10AA00000744A8EB0008E7E70100402038B50B69D0
:10AA100005460C4613B90025284638BD18B1036A0F
:10AA20000BB9FDF761FAB4F90C30002BF3D0626E6C
:10AA3000D00704D4990502D4A06DFDF76EFB28461B
:10AA40002146FFF75FFF636EDA070546E4D4A3896A
:10AA50009B05E1D4A06DFDF761FBDDE7884210B5F1
:10AA600001EB020402D98442234607D8431EA142C7
:10AA700008D011F8012B03F8012FF8E70244014632
:10AA80008A4200D110BD13F8014D02F8014DF7E7DD
:10AA900010B56AB10139841810F8012B11F8013F83
:10AAA0009A4203D1A04201D0002AF5D1D01A10BD9C
:10AAB0001046FCE738B5064D0023044608462B60D7
:10AAC000F7F782FA431C02D12B6803B1236038BD2B
:10AAD00084060020000000009FED010B704700BFBE
:10AAE000000000000000F87F1FB514461A46094B0D
:10AAF0001B680546D8684CB1074B0091CDE901347D
:10AB000006492B4600F0A8FB00F0B8FB044B1C469E
:10AB1000F3E700BF1C0000202AC4000837C4000867
:10AB200065C4000870B5A1FB025434B92946FEF78C
:10AB3000D7F9064628B9304670BD0C2202600026BF
:10AB4000F9E72A462146FDF76AFAF4E70369B3EB11
:10AB5000611F2DE9F0434FEA611200F1140445DD55
:10AB600011F01F0104EB830604EB82050CD100F108
:10AB700010072946B14234D39B1A9B00EA1E964225
:10AB800038BF0023234415E054F82270C1F1200897
:10AB9000CF4005F1040EA1467645F44615D89A1A21
:10ABA0009200043A0135AE4238BF0022A318A750E4
:10ABB00007B104331A1BA3424FEAA20208BF0023C5
:10ABC000026108BF4361BDE8F083DCF800C00CFA05
:10ABD00008FC4CEA070749F8047B5EF8047BCF4089
:10ABE000DAE751F804CB47F804CFC3E72346E1E79F
:10ABF000A0F13003092B02D82038C0B27047A0F171
:10AC00006103052B01D84738F7E7A0F14103052B75
:10AC100001D82738F1E70020704700002DE9F04FF8
:10AC200085B08A4602930B68019090469C1CA14611
:10AC300014F8010B3028FAD0A9EB0303A3F1020B9F
:10AC4000FFF7D6FF0546002868D1A04901224846F3
:10AC5000FFF71EFF0746002867D199F80100264636
:10AC6000FFF7C6FF002862D023461878302899469F
:10AC700003F10103F9D0FFF7BBFFB0FA80F56D09CE
:10AC80004FF0010B4A46164601323078FFF7B0FF0D
:10AC90000028F8D18D4901223046FFF7F9FE00283F
:10ACA0003FD144B9741C2246164601323078FFF772
:10ACB0009FFF0028F8D1A41BA700337803F0DF031F
:10ACC000502B3ED173782B2B33D02D2B34D0711CCD
:10ACD00000240878FFF78CFF431EDBB2182B30D816
:10ACE000A0F1100211F8010FFFF782FF00F1FF3C05
:10ACF0005FFA8CFCBCF1180F4FF00A031ED904B1A7
:10AD000052421744CAF80010EDB1BBF1000F0CBF5E
:10AD100006250025284605B0BDE8F08F00252C4605
:10AD2000B0E7002CC7D12746C7E74E462F4601257E
:10AD3000C3E70024B11CCCE70124FBE703FB0200BE
:10AD4000CEE73146DEE7A6EB0903013B2946072B98
:10AD50000ADC0198FEF750F9044640B95C4B024604
:10AD6000E4215C48FFF7C0FE01315B10EFE700F122
:10AD7000140A002355469B46B14537D345F804BB1A
:10AD8000A5EB0A05AD1025615846FEF727FA6D01BF
:10AD9000D8F800602D1AB54254DDAD1B2946204677
:10ADA000FEF7B3FD814678B16B1E591103F01F0207
:10ADB0005AF821104FF0010909FA02F20A4203D0B1
:10ADC0004B4536DC4FF0020929462046FFF7BEFE10
:10ADD0002F44D8F80830BB4242DA01982146FEF7EA
:10ADE0004BF90E9A00231360A32593E716F8012D63
:10ADF0002E2A12D0202B04D145F804BB4FF0000BB3
:10AE00005B4630780393FFF7F3FE039B00F00F00DF
:10AE100098404BEA000B0433AEE7B145EAD82B4922
:10AE2000039301223046FFF733FE039B0028E1D154
:10AE3000A2E7A91E2046FEF768FD0028C2D04FF009
:10AE40000309C1E709DA751B214601982A46FEF776
:10AE500023FB7F1B044600F1140A4FF00009B8E7FA
:10AE6000D8F80450BD426FDDED1BAE4234DCD8F89B
:10AE70000C30022B22D0032B24D0012B15D1AE4253
:10AE800013D1012E0BD1029AD8F80430136001239C
:10AE90002361CAF800300E9B62251C603AE7711EE0
:10AEA0002046FEF732FD0028EDD101982146FEF73D
:10AEB000E3F80E9A0023136050252BE70F9B002B1D
:10AEC000F3D1E0E70F9B002BDDD1EEE70FC40008C4
:10AED000A5C3000866C400086F1EB9F1000F30D189
:10AEE00027B139462046FEF710FD81467A1101232D
:10AEF0005AF8222007F01F07BB401342294620467C
:10AF000018BF49F00209FFF721FED8F80470761B3C
:10AF10000225B9F1000F47D0D8F80C30022B15D01C
:10AF2000032B17D0012B09D119F0020F06D0DAF844
:10AF3000003049EA030919F0010F0ED145F0100560
:10AF400032E04FF00109D1E70125E2E70F9BC3F1A1
:10AF500001030F930F9B002BF0D0D4F810B004F135
:10AF600014034FEA8B0A03EB8B014FF0000C1846D9
:10AF700053F8042BB2F1FF3F1BD001320260022DC7
:10AF800004F114033CD1D8F80020013AB24209D1AF
:10AF90007111012253F8213006F01F0602FA06F65D
:10AFA0001E423AD145F020050E9B1C60029B1F609B
:10AFB000B0E6994243F804CCD9D8A3689B4517DB87
:10AFC000616801980131FEF717F8814618B91A4BEC
:10AFD00002468421C5E62269023204F10C01920086
:10AFE0000C30FDF79CF821460198FEF745F84C46D9
:10AFF00023695A1C04EB8303226101225A61BEE7D4
:10B0000022695A450BDD01212046FFF79FFDD8F844
:10B0100008300137BB42FFF6E0AE0125C2E716F06B
:10B020001F06FAD05344C6F1200653F8040CFEF76D
:10B03000D5F8B042E7DBF0E7A5C30008C2F108028B
:10B04000920070B5C2F120064368046803FA06F561
:10B050002C43D340046040F8043F8842F4D370BDD1
:10B0600030B50368013311F8014B14B903600120B6
:10B0700030BD13F8012BA2F14105192D98BF2032E4
:10B08000A242F0D00020F3E72DE9F04F0B680168F1
:10B090005E1102EB860613F01F0387B018BF04365B
:10B0A0000025371F82469046019346F8045CB94656
:10B0B0003C460295AB464A784B1C039342B310467C
:10B0C00005910492FFF794FD002851D1049A059947
:10B0D000202A18D8029B9B4513DD4C4506D2072D2C
:10B0E00004DC2A4649462046FFF7A8FF444552D9CA
:10B0F0000023A4F1040944F8043CCDF808B04C4600
:10B100001D460399D7E7292A57D10231CAF8001002
:10B11000BBF1000F51D04C4506D2072D04DC2A4666
:10B1200049462046FFF78AFF444536D9A8F1040274
:10B13000234653F8041B42F8041F9F42F9D23B1BDD
:10B1400023F0030304330134033EB44288BF0423D5
:10B150004344002243F8042B9F42FBD23B681BB9B7
:10B16000474528D101233B60052007B0BDE8F08F9B
:10B170000135082D0BF1010B06DD4445C1D9002333
:10B1800044F8043C0125043C226800F00F0040EA2A
:10B1900002102060B5E70825B3E7019B002BDDD046
:10B1A000C3F120034FF0FF32DA4056F8043C13405D
:10B1B00046F8043CD2E7043FD0E70420D5E782B04C
:10B1C00001B901A942B14BB113780B601278101E7E
:10B1D00018BF012002B070471046FBE76FF0010076
:10B1E000F8E72DE9F041074614460D4621B9BDE8C0
:10B1F000F0411146FDF774BE2AB9FDF7FDFD254665
:10B200002846BDE8F08100F040F88442064602D8A6
:10B21000B4EB500FF4D821463846FDF761FE804666
:10B2200008B94546ECE7B4422246294628BF3246D3
:10B23000FCF775FF29463846FDF7DEFDF1E70346CA
:10B24000084641B1FF2A04D98A221A604FF0FF3024
:10B2500070470A70012070470EB403B5014603AB76
:10B26000054853F8042B0068019300F03FF802B042
:10B270005DF804EB03B070471C00002008B5062001
:10B2800000F008FA0120F6F727FE51F8043C181FD9
:10B29000002BBCBF0B58C01870479368013B002BB4
:10B2A00010B4936008DA9469A34201DB0A2903D140
:10B2B0005DF8044B00F032B91368581C1060197027
:10B2C00008465DF8044B7047F8B506460F4614462D
:10B2D000D518AC4201D1002007E014F8011B3A4612
:10B2E0003046FFF7DAFF431CF3D1F8BD2DE9F04FEC
:10B2F0000D469DB014469846064618B1036A0BB930
:10B30000FCF7F2FD6B6ED90705D4AB899A0502D420
:10B31000A86DFCF702FFAB891B0701D52B699BB910
:10B320002946304600F038F970B16B6EDC0704D561
:10B330004FF0FF301DB0BDE8F08FAB899805F7D412
:10B34000A86DFCF7EBFEF3E70023099320238DF8AB
:10B350002930CDF80C803023DFF8AC818DF82A300D
:10B360004FF0010923469A4613F8012B0AB1252A0A
:10B37000F9D1BAEB040B0BD05B4622462946304686
:10B38000FFF7A2FF013000F0A780099A5A44099202
:10B390009AF80030002B00F09F8000234FF0FF321E
:10B3A000CDE905230AF1010A049307938DF8533080
:10B3B0001A935446052214F8011B5348F4F708FF6A
:10B3C000049AD8B9D10644BF20238DF8533013070F
:10B3D00044BF2B238DF853309AF800302A2B15D018
:10B3E000079A544600204FF00A0C214611F8013B01
:10B3F000303B092B4BD9B0B1079214E0A0EB080306
:10B4000009FA03F313430493A246D2E7039B191DE1
:10B410001B680391002BBBBF5B4242F00202079303
:10B420000793B8BF049223782E2B0AD163782A2B76
:10B4300032D1039B1A1D1B68039243EAE373023463
:10B440000593DFF8D4A0217803225046F4F7C0FE1C
:10B4500038B1049BA0EB0A00402282401343013420
:10B46000049314F8011B29488DF828100622F4F7DC
:10B47000AFFE00283FD0264B1BBB039B073323F0B6
:10B48000070308330393099B3B4409936AE70CFBCA
:10B4900002320C460120A8E7002301340593194627
:10B4A0004FF00A0C204610F8012B303A092A03D934
:10B4B000002BC6D00591C4E70CFB012104460123F3
:10B4C000F0E703AB00932A46124B04A93046FBF782
:10B4D000BBFE0746781CD6D16B6ED90705D4AB8965
:10B4E0009A0502D4A86DFCF719FEAB895B063FF5FF
:10B4F0001FAF09981EE703AB00932A46054B04A92A
:10B500003046FCF739F9E4E711C400081BC4000811
:10B5100049720008C9B2000817C40008F8B50E4601
:10B520001446054618B1036A0BB9FCF7DDFCA369A4
:10B53000A360A3891A0701D5236943B92146284688
:10B5400000F02AF818B14FF0FF373846F8BD2368ED
:10B550002269981A6369F6B28342374605DC2146B0
:10B560002846FFF753FA0028EDD1A368013BA360FA
:10B5700023685A1C22601E706269431C9A4204D0E0
:10B58000A389DB07E1D50A2EDFD121462846FFF744
:10B590003DFA0028D9D0D6E738B5294B05461868BA
:10B5A0000C4618B1036A0BB9FCF79EFCB4F90C30D9
:10B5B000190722D4DA0607D409222A6043F040038F
:10B5C000A3814FF0FF3033E0580712D5616B41B1D2
:10B5D00004F14403994202D02846FDF70DFC0023F4
:10B5E0006363A38923F02403A38100236360236999
:10B5F0002360A38943F00803A38123694BB9A3897E
:10B6000003F42073B3F5007F03D02146284600F0F1
:10B6100083F8B4F90C3013F001020AD00022A260C2
:10B6200062695242A261226942B913F08000C5D119
:10B6300038BD990758BF6269A260F4E70020F7E7B8
:10B640001C0000201F2938B505460C4604D91623D6
:10B6500003604FF0FF3038BDC26B12B152F8213099
:10B660004BB9284600F030F8224601462846BDE88E
:10B67000384000F017B8012B0AD0591C03D116230B
:10B6800003600120E7E7002142F824102046984794
:10B690000020E0E7024B01461868FFF7D3BF00BF68
:10B6A0001C00002038B5074D00230446084611460B
:10B6B0002B60F6F701FC431C02D12B6803B1236019
:10B6C00038BD00BF84060020F6F7EEBB70B50C460F
:10B6D000B1F90E10002996B015461E460DDAA38961
:10B6E00013F0800F4FF0000114BF40234FF480632C
:10B6F000002031602B6016B070BD6A4600F048F83B
:10B700000028ECDB019901F47041A1F50053594286
:10B7100059414FF48063EBE78B89F7B59D070646E7
:10B720000C4607D504F147032360236101236361BD
:10B7300003B0F0BD01AB6A46FFF7C8FF009F0546A6
:10B7400039463046FDF7CCFB48B9B4F90C309A05C0
:10B75000EED423F0030343F00203A381E2E7A389BD
:10B76000206043F08003A381019BC4E904075BB11F
:10B77000B4F90E10304600F01DF828B1A38923F06B
:10B78000030343F00103A381A3891D43A581CFE7F0
:10B7900038B5074D00230446084611462B60F6F7DE
:10B7A000EBFB431C02D12B6803B1236038BD00BF03
:10B7B0008406002038B5064D0023044608462B6059
:10B7C000F6F7EAFB431C02D12B6803B1236038BDB6
:10B7D0008406002010EE103A07B51E4A23F00043FD
:10B7E000934206D8DFED1C0A03B05DF804EB00F0CD
:10B7F0007BB8B3F1FF4F04D330EE400A03B05DF8DD
:10B8000004FB684600F010F900F00300012809D09D
:10B81000022810D0B0B9DDED010A9DED000A00F05C
:10B8200063F8EBE7DDED010A9DED000A00F0B4F8E6
:10B83000B1EE400AE2E7DDED010A9DED000A00F0FD
:10B8400053F8F5E7DDED010A9DED000A012000F057
:10B85000A3F8D3E7D80F493F0000000010EE103ADC
:10B8600007B51F4A23F00043934207D8DFED1D0AB6
:10B87000002003B05DF804EB00F08EB8B3F1FF4F89
:10B8800004D330EE400A03B05DF804FB684600F0D4
:10B89000CBF800F0030001280AD002280FD0C0B96D
:10B8A000DDED010A9DED000A012000F075F8EAE7E0
:10B8B000DDED010A9DED000A00F016F8E3E7DDED8D
:10B8C000010A9DED000A012000F066F8B1EE400A81
:10B8D000D9E7DDED010A9DED000A00F005F8F5E776
:10B8E000D80F493F0000000010EE103A23F000434B
:10B8F000B3F1485FF0EE406AB7EE000A04D2FDEE05
:10B90000E67A17EE902A42B326EEA67ADFED1A7A8F
:10B910009FED1A6A1A4AA7EE276A9342DFED197A59
:10B92000E6EE077A9FED186AA7EE876ADFED177AD1
:10B93000E6EE077A9FED166AA7EE876A60EEE60AE2
:10B9400026EE076AF6EE007AE7EE060A67EE277A39
:10B9500004D877EEE07A30EE670A70470D4A9342DA
:10B960009ABF03F17F4307EE103AB5EE027A30EE4C
:10B97000470A77EEC77AECE74ED747ADF6740F313A
:10B980009999993E7CF293B4010DD037610BB6BA08
:10B99000ABAA2A3D0000483F10EE103A23F00043C6
:10B9A000B3F1485F04D2FDEEC07A17EE903A5BB374
:10B9B00020EE007ADFED157A9FED156AA7EE276A73
:10B9C000DFED147AE6EE077A9FED136AA7EE876A39
:10B9D000DFED127A60EE076AE6EE077A30B99FED86
:10B9E000106AA7EE276AA6EE260A704767EEE67A87
:10B9F000B6EE006AE0EE867AD7EE870ADFED097AC6
:10BA0000E6EEA70A30EE600A704700BFD3C92E2FBA
:10BA1000342FD7B21BEF3836010D50B98988083C56
:10BA2000ABAA2ABEABAA2A3EF0B510EE106A884B2C
:10BA300026F000459D4287B0044605D8002380EDDE
:10BA4000000A4360002022E0824B9D423AD826F053
:10BA50000043002E9FED807A804A23F00F0318DD0B
:10BA6000934270EE477A09BF9FED7D7ADFED7D6AE4
:10BA7000DFED7D6A77EEC77A37EEE67A77EEC77A42
:10BA800080ED007A77EEE67AC0ED017A012007B00A
:10BA9000F0BD934270EE077A09BF9FED717ADFED3A
:10BAA000716ADFED716A77EE877A37EEA67A77EE04
:10BAB000C77A80ED007A77EEA67AC0ED017A4FF072
:10BAC000FF30E4E7694B9D4273D800F0DDF89FED4D
:10BAD000687AF6EE007AE0EE077AFDEEE77AB8EEE5
:10BAE000E77A17EE900ADFED5C7AA7EE670A1F2867
:10BAF000DFED5C7A67EE277AB1EE476A70EE676A2F
:10BB000016EE901A09DC5B4A471E26F0004352F8F5
:10BB1000272023F0FF03934207D1C1F3C752C2EBA2
:10BB2000D552082A4FEAE55314DC216094ED007ADF
:10BB300030EE470A002E30EE670A84ED010AA6DADD
:10BB4000B1EE477AB1EE400A84ED007A84ED010A45
:10BB500040429CE7DFED425AF0EE406AE6EE256A8D
:10BB600070EE667AE6EE257ADFED3F5AD7EE257A5B
:10BB700076EEE75A15EE902AC2F3C7515B1A192BDD
:10BB800004DCC4ED005AB0EE660ACFE7DFED3A5AA6
:10BB9000B0EE660AA6EE250A76EEC07ADFED376AC9
:10BBA000E6EE257AD7EE267A30EE677A84ED007AD3
:10BBB000BCE7B5F1FF4F06D370EE407AC0ED017AD5
:10BBC000C0ED007A3EE7EA15863AA5EBC25307EED0
:10BBD000903ABDEEE77ADFED2A6AB8EEC77A77EEE3
:10BBE000C77A8DED037A67EEA67ABDEEE77AB8EEF6
:10BBF000C77A77EEC77A8DED047A67EEA67AF5EE0E
:10BC0000407AF1EE10FACDED057A1ED1B5EE407A0C
:10BC1000F1EE10FA0CBF012302231A49019102210F
:10BC2000009103A8214600F037F8002EBFF62FAF91
:10BC3000D4ED007AF1EE677AC4ED007AD4ED017AA2
:10BC4000F1EE677AC4ED017A82E70323E5E700BFEE
:10BC5000D80F493FE3CB1640800FC93FD00FC93FF3
:10BC6000004435374344353708A3852E800F4943B8
:10BC700084F9223F1CC7000800A3852E32318D2491
:10BC8000000080439CC7000810EE103A23F00043E8
:10BC900000EE103A704700002DE9F04F2DED048BB7
:10BCA000D9B090460190B64A669818F1040F52F840
:10BCB00020A00F4603F1FF3B26DBB8F1030248BF8B
:10BCC00008F10402D210551C67999FEDB17AE80083
:10BCD000A2EB0B060290A8EBC5050AEB0B0C1CAC03
:10BCE00001EB860E0020604510DD1CA901EB8300EE
:10BCF0000DF588790026564524DCDDF804E0DFEDFB
:10BD0000A47A8446002416E00022DCE7C6425DBF28
:10BD10005EF8201007EE901AF8EEE77AF0EE477A18
:10BD2000E4EC017A0130DEE7FEEC016A3CED017AD9
:10BD3000E6EE877A01345C45F6DDE9EC017A0136FE
:10BD40000430D8E708A901EB8A0104916799DFED77
:10BD50008F8A9FED8D9A01EB820203925446A200D6
:10BD6000059258AA02EB840212ED140A44A908AA0B
:10BD700001EB840094462646002E4CDC2846CDE993
:10BD8000062300F0F1F9B0EE408AB4EE000A28EE86
:10BD9000000A00F04FFAF2EE007AA0EE678A002D5A
:10BDA000DDE90623FDEEC87A17EE909AF8EEE77A01
:10BDB00038EE678A41DD04F1FF3C08A9C5F1080EA1
:10BDC00051F82C6046FA0EF0814400FA0EF0361A53
:10BDD000C5F1070041F82C600641002E3CDD4FF014
:10BDE000000E09F101097046744568DC002D03DD81
:10BDF000012D74D0022D7DD0022E2DD1B7EE000A78
:10BE000030EE488A40B32846069300F0ADF9069B11
:10BE100038EE408A20E060EE287A013EFDEEE77AB7
:10BE2000F8EEE77AA7EEC90ABDEEC00AACEC010A4B
:10BE300030ED010A37EE800A9EE705D1601E08A9A1
:10BE400051F82060F611C8E7F6EE007AB4EEE78A02
:10BE5000F1EE10FA31DA0026B5EE408AF1EE10FA72
:10BE600040F09880601E002250454BDA002A65D0D1
:10BE7000013C08AB083D53F82430002BF8D028468D
:10BE8000B7EE000A00F070F9631C44AA9FED3F7AF8
:10BE9000990002EB83022346002B80F2A9802346FF
:10BEA000002BC0F2C78044AA02EB8305DFF8D4C0A0
:10BEB000DFED377A0020E21AB1E002268FE752F870
:10BEC000041B48B921B1C1F5807142F8041C01215D
:10BED0000EF1010E084687E7C1F1FF01F5E704F115
:10BEE000FF3C08AA52F82C2002F07F0208A941F872
:10BEF0002C2081E704F1FF3C08AA52F82C2002F024
:10BF00003F02F3E708A951F8201001380A43ABE7D4
:10BF1000013250F8046D002EFAD0059901F5B07188
:10BF20000DEB0100E6181CA904F1010C4C3801EBE3
:10BF300086062244624504DA144610E7049801227A
:10BF4000E7E70399DDF804E051F82C10059107EEBE
:10BF5000901AF8EEE77A0024E6EC017ADFED0C7A2D
:10BF6000B1465C4504DDE0EC017A0CF1010CE1E73F
:10BF7000FEEC016A39ED017A0134E6EE877AF0E7EA
:10BF8000E0CA0008B4CA0008000080430000803BFB
:10BF900000000000029BB0EE480AA3EB080000F08E
:10BFA000E3F81FED077AB4EEC70AF1EE10FA19DBD9
:10BFB0005FED0A7A60EE277A08AAFDEEE77A083587
:10BFC000F8EEE77AA7EEC70AFDEEE77ABDEEC00A03
:10BFD00010EE103A42F8243017EE903A013442F84D
:10BFE00024304CE7BDEEC00A08AA10EE103AF6E77E
:10BFF00008A850F82300019007EE900AF8EEE77ABF
:10C00000013B67EE807A20EE070A62ED017A43E792
:10C01000FCEC016AB5EC017AE6EE877A0130504516
:10C0200001DC9042F4DD58A800EB820242ED287A50
:10C03000013B35E7669B022B09DC002B27DC40D057
:10C0400009F0070059B0BDEC048BBDE8F08F669B8A
:10C05000032BF5D130AA0B1F13441A4620460028A3
:10C0600050DC2246012A5DDC30AB5FED377A0B44B1
:10C07000012C67DCDDED306A9DED317A002E67D151
:10C08000C7ED006A87ED017AC7ED027AD8E730ABD9
:10C090001FED417A0B442246002A24DA4EB3F1EE1A
:10C0A000477AC7ED007ADDED307A77EEC77A31AAAC
:10C0B00001239C4220DA0EB1F1EE677AC7ED017AD6
:10C0C000BEE730AB5FED4E7A0B44002C05DA0EB1C3
:10C0D000F1EE677AC7ED007AB2E733ED017A013C01
:10C0E00077EE877AF1E773ED017A013A37EE277A36
:10C0F000D2E7F0EE477AD4E7B2EC017A013377EE7B
:10C10000877AD6E772ED017AD2ED016A37EEA67A28
:10C11000013877EEC77A82ED007A77EEA67AC2ED23
:10C12000017A9CE773ED017AD3ED016A37EEA67AC6
:10C13000013A77EEC77A83ED007A77EEA67AC3EDFF
:10C14000017A8FE733ED017A013C77EE877A8FE74A
:10C15000F1EE666AB1EE477AC7ED006A87ED017AC3
:10C16000F1EE677A90E700BF10EE103A33F000422C
:10C170002BD0B2F1FF4F02D330EE000A704713F01C
:10C18000FF4F23D1244BDFED257A984220EE270A7A
:10C1900017DB10EE103AC3F3C752193A4CF2503184
:10C1A000884215DDDFED1E7ADFED1E6A10EE103AD3
:10C1B000B0EE677A002BB8BFF0EE667A27EE870AFA
:10C1C0007047DFED197A27EE800A7047D20DE5E758
:10C1D0001044FE28E6DC002806DD23F0FF4343EA96
:10C1E000C05300EE103A704710F1160F09DADFED78
:10C1F0000E7ADFED0E6A10EE103AB0EE677A002B81
:10C20000D9E7193023F0FF4343EAC0539FED080AF2
:10C2100007EE903AD7E700BFB03CFFFF0000004CAC
:10C22000CAF24971CAF249F16042A20D6042A28D80
:10C230000000003310EE103AC3F3C7527F3A162ABB
:10C2400023F000412BDC002A12DADFED197A30EE00
:10C25000270AB5EEC00AF1EE10FA06DD002B24DA4B
:10C260000029144B08BF4FF0004300EE103A70470E
:10C27000114911410B42FAD0DFED0D7A30EE270A59
:10C28000B5EEC00AF1EE10FAEFDD002BBEBF4FF4A1
:10C29000000040FA02F29B1823EA0103E5E7B1F13E
:10C2A000FF4FE4D330EE000A70470023DDE700BF04
:10C2B000CAF24971000080BFFFFF7F00F8B500BFE0
:10C2C000F8BC08BC9E467047F8B500BFF8BC08BC77
:04C2D0009E467047CF
:10C2D800000000000000000001020304060708092E
:10C2E8000000000001020304494E4600696E660022
:10C2F8004E414E006E616E003000303132333435BD
:10C3080036373839414243444546003031323334B8
:10C3180035363738396162636465660065256C6453
:10C3280000496E66696E697479004E614E00524527
:10C33800454E54206D616C6C6F6320737563636543
:10C3480065646564002F6275696C642F676E752D6E
:10C35800746F6F6C732D666F722D73746D33325FEB
:10C3680031332E332E72656C312E323032343039FF
:10C3780032362D313731352F7372632F6E65776CF6
:10C3880069622F6E65776C69622F6C6962632F73BF
:10C3980074646C69622F64746F612E630042616C0F
:10C3A8006C6F6320737563636565646564002F62F1
:10C3B80075696C642F676E752D746F6F6C732D665D
:10C3C8006F722D73746D33325F31332E332E726575
:10C3D8006C312E32303234303932362D31373135F6
:10C3E8002F7372632F6E65776C69622F6E65776C39
:10C3F80069622F6C6962632F7374646C69622F6D54
:10C40800707265632E63002E00232D302B20006888
:10C418006C4C00656667454647004300504F5349DA
:10C4280058002C2066756E6374696F6E3A2000613F
:10C438007373657274696F6E20222573222066619A
:10C44800696C65643A2066696C6520222573222C24
:10C45800206C696E65202564257325730A002F6298
:10C4680075696C642F676E752D746F6F6C732D66AC
:10C478006F722D73746D33325F31332E332E7265C4
:10C488006C312E32303234303932362D3137313545
:10C498002F7372632F6E65776C69622F6E65776C88
:10C4A80069622F6C6962632F7374646C69622F67A9
:10C4B80064746F612D6765746865782E6300000089
:10C4C80005000000190000007D00000000000000C9
:10C4D8000080E03779C34143176E05B5B5B8934678
:10C4E800F5F93FE9034F384D321D30F94877825A44
:10C4F8003CBF737FDD4F1575000000000000F03F62
:10C508000000000000002440000000000000594026
:10C518000000000000408F40000000000088C34079
:10C5280000000000006AF8400000000080842E41EE
:10C5380000000000D01263410000000084D797413A
:10C548000000000065CDCD41000000205FA0024240
:10C55800000000E876483742000000A2941A6D42B5
:10C56800000040E59C30A2420000901EC4BCD642A8
:10C5780000003426F56B0C430080E03779C3414353
:10C5880000A0D8855734764300C84E676DC1AB43C9
:10C59800003D9160E458E143408CB5781DAF1544E7
:10C5A80050EFE2D6E41A4B4492D54D06CFF08044C2
:10C5B800F64AE1C7022DB544B49DD9794378EA44D7
:10C5C80034000000CEFBFFFFCB0300000100000099
:10C5D8000000000035000000CEFBFFFFCB03000089
:10C5E8000100000000000000BC89D897B2D29C3C32
:10C5F80033A7A8D523F649393DA7F444FD0FA53242
:10C608009D978CCF08BA5B25436FAC6428066811E8
:10C61800002020202020202020202828282828200A
:10C628002020202020202020202020202020202002
:10C63800208810101010101010101010101010106A
:10C64800100404040404040404040410101010105A
:10C658001010414141414141010101010101010124
:10C668000101010101010101010101011010101076
:10C6780010104242424242420202020202020202F6
:10C68800020202020202020202020202101010104A
:10C698002000000000000000000000000000000072
:10C6A8000000000000000000000000000000000082
:10C6B8000000000000000000000000000000000072
:10C6C8000000000000000000000000000000000062
:10C6D8000000000000000000000000000000000052
:10C6E8000000000000000000000000000000000042
:10C6F8000000000000000000000000000000000032
:10C708000000000000000000000000000000000021
:10C7180000000000000FC93F000F494000CB9640C1
:10C72800000FC9400053FB4000CB164100ED2F41DC
:10C73800000F49410031624100537B41003A8A4170
:10C7480000CB9641005CA34100EDAF41007EBC41A7
:10C75800000FC94100A0D5410031E24100C2EE41BD
:10C768000053FB4100F20342003A0A4200831042A0
:10C7780000CB164200141D42005C234200A529424A
:10C7880000ED2F4200363642007E3C4200C742424E
:10C79800000F4942A2000000F900000083000000D9
:10C7A8006E0000004E00000044000000150000006C
:10C7B80029000000FC0000002700000057000000CE
:10C7C800D1000000F500000034000000DD0000008A
:10C7D800C0000000DB0000006200000095000000BF
:10C7E800990000003C000000430000009000000099
:10C7F80041000000FE00000051000000630000003E
:10C80800AB000000DE000000BB000000C500000017
:10C8180061000000B7000000240000006E00000066
:10C828003A000000420000004D000000D200000065
:10C83800E000000006000000490000002E00000093
:10C84800EA00000009000000D1000000920000008A
:10C858001C000000FE0000001D000000EB000000AE
:10C868001C000000B100000029000000A700000023
:10C878003E000000E80000008200000035000000D3
:10C88800F50000002E000000BB000000440000007E
:10C8980084000000E90000009C0000007000000017
:10C8A80026000000B40000005F0000007E000000C9
:10C8B800410000003900000091000000D60000008F
:10C8C8003900000083000000530000003900000018
:10C8D800F40000009C000000840000005F000000DD
:10C8E8008B000000BD000000F900000028000000D7
:10C8F8003B0000001F000000F80000009700000047
:10C90800FF000000DE0000000500000098000000A5
:10C918000F000000EF0000002F00000011000000D1
:10C928008B0000005A0000000A0000006D000000A3
:10C938001F0000006D000000360000007E000000AF
:10C94800CF00000027000000CB0000000900000015
:10C95800B70000004F000000460000003F00000044
:10C96800660000009E0000005F000000EA00000072
:10C978002D0000007500000027000000BA0000002C
:10C98800C7000000EB000000E5000000F100000017
:10C998007B0000003D000000070000003900000097
:10C9A800F70000008A00000052000000920000001A
:10C9B800EA0000006B000000FB0000005F000000C0
:10C9C800B10000001F0000008D0000005D000000A5
:10C9D80008000000560000000300000030000000BE
:10C9E80046000000FC0000007B0000006B00000017
:10C9F800AB000000F0000000CF000000BC00000009
:10CA0800200000009A000000F4000000360000003A
:10CA18001D000000A9000000E300000091000000D4
:10CA2800610000005E000000E60000001B0000003E
:10CA38000800000065000000990000008500000063
:10CA48005F00000014000000A00000006800000063
:10CA5800400000008D000000FF000000D80000002A
:10CA6800800000004D000000730000002700000057
:10CA7800310000000600000006000000150000005C
:10CA880056000000CA00000073000000A800000063
:10CA9800C900000060000000E20000007B00000008
:10CAA800C00000008C0000006B0000000000C93FBF
:10CAB8000000F0390000DA370000A2330000842EAD
:10CAC8000000502B0000C2270000D0220000C41F25
:10CAD8000000C61B00004417040000000700000007
:04CAE8000900000041
:08CAEC00E436FF7F01000000A9
:04CAF400B501000880
:04CAF80091010008A0
:10CAFC000000803F0024F400100000000100000042
:10CB0C000000000003000000480500202000002069
:10CB1C000000000048050020B00500201806002089
:10CB2C0000000000000000000000000000000000F9
:10CB3C0000000000000000000000000000000000E9
:10CB4C0000000000000000000000000000000000D9
:10CB5C000000000000000000000000004300000086
:10CB6C0000000000000000000000000000000000B9
:10CB7C000000000000000000000000004300000066
:10CB8C000000000000000000000000000000000099
:10CB9C000000000000000000000000004300000046
:10CBAC000000000000000000000000000000000079
:10CBBC000000000000000000000000004300000026
:10CBCC000000000000000000000000000000000059
:10CBDC000000000000000000000000004300000006
:10CBEC000000000000000000000000000000000039
:10CBFC0000000000000000000000000043000000E6
:10CC0C000000000000000000000000000000000018
:10CC1C0000000000000000000000000043000000C5
:10CC2C0000000000000000000000000000000000F8
:10CC3C000000000000000000000000003FB20008EF
:10CC4C00BFB100080000000018C600080FC400089F
:10CC5C0065C4000865C4000865C4000865C4000804
:10CC6C0065C4000865C4000865C4000865C40008F4
:10CC7C0065C40008FFFFFFFFFFFFFFFFFFFFFFFF83
:10CC8C00FFFF000001004153434949000000000030
:10CC9C000000000000000000000000000000000088
:10CCAC00000000000000415343494900000000000F
:10CCBC000000000000000000000000000000000068
:08CCCC00000000000000000060
:040000050800205976
:00000001FF
