:020000040800F2
:10000000501100207502000805430008A1390008BE
:10001000014300086D0E0008954C00080000000028
:10002000000000000000000000000000314900084E
:100030007D0E000800000000C54800088D4900083A
:100040008F0200088F0200088F0200088F0200084C
:100050008F0200088F0200088F0200088F0200083C
:100060008F0200088F0200088F0200088F0200082C
:100070008F0200088F0200088F020008710E00082E
:100080008F0200088F0200088F0200088F0200080C
:100090008F0200088F0200088F0200088F020008FC
:1000A0008F0200088F0200088F0200084D4A0008E6
:1000B000594A00088F0200088F0200088F020008CA
:1000C0008F0200088F0200088F0200088F020008CC
:1000D0008F0200088F0200088F0200088F020008BC
:1000E000810E00088F0200088F0200088F020008AE
:1000F0008F0200088F0200088F0200088F0200089C
:100100008F0200088F020008654A00088F0200086D
:100110008F0200088F0200088F0200088F0200087B
:100120008F0200088F0200088F0200088F0200086B
:100130008F0200088F0200088F0200088F0200085B
:100140008F0200088F0200088F0200088F0200084B
:100150008F0200088F0200088F0200088F0200083B
:100160008F0200088F0200088F0200088F0200082B
:100170008F0200088F0200088F02000800000000B4
:100180008F0200088F02000800F002F800F062F809
:1001900014A696E8000CB244B344DA4501D100F04D
:1001A00059F8BAE80F000FA696E83000A5EB040551
:1001B00004EB0607AAEB0704A7F101074FEA1515A0
:1001C0004FEA3414A4F10104AC4201D300F042F828
:1001D00013F0010F18BFFB1A43F0010300F001F800
:1001E000DBE7184710B7000030B70000103A24BF13
:1001F00078C878C1FAD8520724BF30C830C144BF8C
:1002000004680C6070470000704700000023002461
:1002100000250026103A28BF78C1FBD8520728BF16
:1002200030C148BF0B60704766290AF08C8664298C
:1002300000F0CC80002070471FB50AF072FE00F07D
:100240009BFC04000020002109F09AFFE0601FBD24
:1002500010B510BD00F094FD1146FFF7EDFF05F05D
:100260007FFF00F0B2FD03B4FFF7F2FF03BC00F024
:10027000F5FD00000948804709480047FEE7FEE712
:10028000FEE7FEE7FEE7FEE7FEE7FEE7FEE7FEE746
:1002900004480549054A064B70470000394A0008E2
:1002A00089010008500B002050110020500D002043
:1002B000500D002053EA020C00F069802DE9F04B4C
:1002C0004FF00006002B1FBFB3FA83F503FA05F4C5
:1002D00024FA05F65E4012BF1643B2FA82F502FA1E
:1002E00005F4C5F120051EBF22FA05FC44EA0C0402
:1002F000203556EA044C4FEA144418BF641C4FF0F2
:1003000000084FF00009904271EB030C39D300292B
:1003100019BFB1FA81F701FA07F6B0FA80F700FACF
:1003200007F6C7F120071EBF20FA07FC46EA0C06B5
:100330002037B6FBF4FCA7EB0507103F07F01F0BB7
:10034000CBF120062CFA06F60CFA0BFB44BFB346A1
:100350000026202FA4BF5E464FF0000B5BEA060C80
:1003600008BF4FF0010B19EB0B0948EB0608ABFB7C
:10037000027C06FB02CC0BFB03CCC01B71EB0C0117
:10038000C1E70B46024641464846BDE8F08B13B52F
:10039000084318BF4FF0FF300146AFF30080BDE8BF
:1003A0001C4070470FB41CB5074B06AA7B44694636
:1003B0000090059800F0C7FB0020694600F0D6FBCE
:1003C0001CBC5DF814FB0000BD0700002DE9F041E6
:1003D0000646002410687529314616A510D0AFF3E3
:1003E0000080002802DA404213A507E031688A073E
:1003F00001D512A502E0490704D511A5012401E0A9
:10040000AFF3008000210A2206F1240709E0B0FBC7
:10041000F2FCB0FBF2F302FB1C00303078541846BB
:10042000491C0028F3D123462A463046BDE8F04156
:1004300000F01DB9000000002D0000002B0000009E
:10044000200000002DE9F0474FF0000A89460446DD
:10045000C0F820A02046E1688847002876D02528EB
:1004600006D0D4E901219047206A401C2062F1E7C0
:10047000E168204600258847C4F81CA006460027EE
:10048000C4F818A02A2E09D0304609F065FE38B30A
:1004900004EB8708303EC8F8186019E059F8041BCF
:1004A000204604EB87029161E1688847012F0646E8
:1004B00018D1E069002820DA25F020051DE0D8F8E1
:1004C000180000EB800006EB40003038C8F8180038
:1004D0002046E1688847064609F03EFE0028EED136
:1004E000012F0AD02E2E08D12046E16888477F1CB4
:1004F0000646022F45F02005C4DBA069002803DA78
:10050000404245F00105A061E80701D025F0100543
:10051000B6B1A6F14100192802D8203645F400658D
:100520004A463146204625604D46FFF77DFE58B1CC
:10053000012806D0ED1D25F0070000F1080989E724
:1005400004E005F1040985E730468AE7206ABDE842
:10055000F08710B5431C02E010F8011B71B1810750
:10056000FAD14FF0013202C88C1A8C4314EAC2113E
:10057000F9D0C01A0A0603D0C01E10BDC01A10BDA3
:100580000A0401D0801E10BD0902FCD0401E10BD1F
:1005900010B5203AC0F00B80B1E81850A0E8185010
:1005A000B1E81850A0E81850203ABFF4F5AF5FEA60
:1005B000027C24BFB1E81850A0E8185044BF18C905
:1005C00018C0BDE810405FEA827C24BF51F8043BAC
:1005D00040F8043B08BF7047D20728BF31F8023B00
:1005E00048BF11F8012B28BF20F8023B48BF00F894
:1005F000012B704702F0FF0343EA032242EA024262
:1006000000F002B84FF0000200B51346944696463B
:10061000203922BFA0E80C50A0E80C50B1F1200115
:10062000BFF4F7AF090728BFA0E80C5048BF0CC0C3
:100630005DF804EB890028BF40F8042B08BF704721
:1006400048BF20F8022B11F0804F18BF00F8012B93
:10065000704770477047704710B500F091FA006816
:1006600010BD10B5044600F08BFA046010BD2DE9F2
:10067000F0470D4699469246044600F12408016869
:10068000880604D5E06921F01001216000E0012016
:10069000A84201DD471B00E00027A1697A1902EB9F
:1006A0000900081AA0612078C00602D42046AFF3E2
:1006B0000080002608E0D4E901211AF806009047DE
:1006C000206A401C761C20624E45F4DB2078C00670
:1006D0000AD52046AFF3008006E0D4E9012130209E
:1006E0009047206A401C2062381EA7F10107F4DC05
:1006F00007E0D4E9012118F805009047206A401C62
:100700002062281EA5F10105F3DC2046AFF300802E
:100710002078000602D50220BDE8F0870120FBE723
:100720002DE9FF4F0C461E464FF0FF378BB0D2E944
:100730000001DDF860800A908A46C1F30A5505B9C8
:100740003D46002108464FF00000BAF1000F00F4CA
:10075000400005DA00EB80004FF4400101EA500050
:100760004FEA9059B9F1010F00DDB9460A9850EAF5
:100770004A000ED044F61050A5F2FF3545432F1421
:10078000B8F1000F1ED07542291E1EDDC9F100020E
:100790001CE0B8F1010F4FF0000001D0302103E060
:1007A000F24305E02154401CB042FBDB30460022FE
:1007B000002121540B99C1F80880C1E900200FB035
:1007C000BDE8F08FBD1B6D1CDEE74A4600DA6942CA
:1007D00006A800F05FFA06AB93E8070003AB83E8D6
:1007E000070050460A9908F021F88DE80700A0F5A7
:1007F00000501F3800900398002D0ADD42F21F01BF
:100800004A460844002303A90390684608F08AFA80
:1008100009E0A0F500504A461F38002303A90390C1
:10082000684608F094FA8DE807000004000C03D035
:100830004FF0FF30410800E01046B8F1000F03D040
:100840000022009215461EE0751E05D400F09CF9AA
:10085000303262556D1EF9D5B3460122084302D0ED
:1008600000227F1C04E02078302801D100227F1E66
:10087000002A099784D01DE0112D07DA00F084F9D1
:10088000303262556D1C50EA0102F5D1084302D0A6
:100890000098C8B10EE00021681E05E0235C625C90
:1008A00063542254401E491C8142F7DBAB46A81B0F
:1008B000401E0990002004F80B000B98099AC0F81C
:1008C0000880C0E9002B7AE711264FF0000857E7AF
:1008D0002DE9F04F88460446D21D22F0070191B061
:1008E000D1E90001CDE90A0108F068FB02460B9846
:1008F000C00F01D02D2007E02068810701D52B20F3
:1009000002E0202101EAC000032A099001D0072A51
:1009100005DB03464146204600F07CF90BE12078D8
:10092000800601D5E06900E00620B8F1650F814638
:1009300006D0B8F1660F18D0B8F1670F70D131E06A
:100940000020B9F1110F009001DB112301E009F142
:1009500001030AAA01A90CA8FFF7E2FEDDE90C7069
:10096000002609F10105834647E001204B4600902F
:100970004FF000470AAA01A90CA8FFF7D1FEDDE954
:100980000DB00C995D46002610B909F101000D1853
:10099000B9EB050003D4C0F1FF3609F10105A5EB61
:1009A00009002BE0B9F1010F01DA4FF00109002035
:1009B000B9F1110F0090484601DD112300E0034614
:1009C0000AAA01A90CA8FFF7ABFEDDE90C704D46A1
:1009D00000268346207800070AD4AB4500DA5D463E
:1009E00001A8012D04DD411911F8011C302907D09F
:1009F0004F4502DA17F1040F04DA012082460FE0B6
:100A00006D1EEEE7002F02DCED1B3E4403E0781C78
:100A1000A84200DD7D1CB81B00F1010A4FF0004721
:100A20002078000703D4AA4501DB4FF0FF3A0021EC
:100A3000B7F1004F0DF143088DF8431024D0022088
:100A40002B23002F01DA7F422D230A21021EA0F161
:100A5000010000DC5FB197FBF1FC97FBF1F201FBB9
:100A60001C7C17460CF1300C08F801CDEEE7A8F11C
:100A7000010003702188090501D5452100E06521A9
:100A8000A0F1010800F8011C09980FA9A1EB0807C3
:100A9000FF1D00B10120411901EBEA70A169384442
:100AA000081A401EA0612078C00602D42046AFF389
:100AB0000080099828B1D4E901219047206A401CA0
:100AC00020622078C00622D52046AFF300801EE0C9
:100AD000002E04DBB34502DD01A8805D00E030207C
:100AE000D4E901219047206A401C2062761CAAF1BB
:100AF00001005FEA000A0AD100F03EF8C068016810
:100B0000405CD4E901219047206A401C2062281EE5
:100B1000A5F10105DCDC07E0D4E9012118F8010B9F
:100B20009047206A401C2062381EA7F10107F3DCC1
:100B30002046AFF30080032011B041E601694A1C52
:100B400002610878704700B58FB0CDE9013100210E
:100B5000059105497944CDE9031011466846FFF730
:100B600071FC0FB000BD0000E5FFFFFF0A6802F84E
:100B7000010B0A60704700000048704750000020D9
:100B8000004870473000002030B5B0F10A0271F122
:100B900000034FEA900E4EEA817EB0EB0E0061EB4F
:100BA00091014FEA101E4EEA017E10EB0E0041EB60
:100BB00011114FEA102E4EEA016E10EB0E0041EBC0
:100BC00011214FEA104E4EEA014E10EB0E0041EBA0
:100BD0001141401841F100014FEAD00040EA417054
:100BE0004FEAD1014FEA810444EA907410EB80058A
:100BF00044EB01046D1944EB0404521BA3414FF074
:100C0000000348BF0A3200D530BD401C41F100014D
:100C100030BD00002DE9F0411F460446032601685F
:100C2000072A01F4006004DB08B116A505E016A54B
:100C300003E008B115A500E015A521F01000206023
:100C4000A069C01EA0610FB1401EA0612046AFF395
:100C500000804FB1D4E9012138469047206A401CFA
:100C60002062C01C206206E0206AFAE7D4E9012174
:100C700015F8010B9047761EF8D22046AFF300809E
:100C8000BDE8F0814E414E006E616E00494E460057
:100C9000696E66002DE9F047814616468AB03548F0
:100CA00078440DC88DE80D0032487844801C03ACB0
:100CB0000DC884E80D0041F69B300844372190FBB5
:100CC000F1F290FBF1F5A5F1800501FB12041B3C4C
:100CD00002D56442012000E00020DFF898A08046A1
:100CE0000027FA44AAF1BE0A0EE0E0070AD0324615
:100CF000684607EB470101230AEB810108F027F85A
:100D00008DE8070064107F1C002CEED1194F7F4442
:100D1000AE3F19E0E80715D007EB04100DF1180AF3
:100D200090E80E008AE80E00C068F04201D19819E0
:100D300008903246012306A903A808F008F803AB7F
:100D400083E807006D10641C002DE3D14FF0010310
:100D500032466946B8F1000F03A802D007F0E2FF5F
:100D600001E007F0F4FFC9E90001C9F808200AB062
:100D7000BDE8F08770A400000048704730000020F4
:100D80007546FFF7F9FFAE4605006946534620F069
:100D90000700854618B020B5FFF77AFABDE8204075
:100DA0004FF000064FF000074FF000084FF0000B27
:100DB000AC46ACE8C009ACE8C009ACE8C009ACE896
:100DC000C00921F007018D46704710B50446AFF306
:100DD00000802046BDE81040FFF745BA0000000043
:100DE00030B44FF0013C50F8042B51F8043BCCFADE
:100DF00052F4D51A20D1FCB950F8042B51F8043B19
:100E0000CCFA52F4D51A17D1B4B950F8042B51F8D2
:100E1000043BCCFA52F4D51A0ED16CB950F8042B1D
:100E200051F8043BCCFA52F4D51A05D1002CDAD093
:100E300030BC4FF00000704729BAB1FA81F111F0CF
:100E40001801D1F120008440F2D1CA40CB4012F009
:100E5000FF0213F0FF0330BCD01A7047014918207D
:100E6000ABBEFEE72600020070470000FEE7000070
:100E700040F2A470C2F2000000F01EB870470000FB
:100E80004FF4805000F0F8BA72B600BFFEE70000E1
:100E900090F83510022909D1052180F83510006835
:100EA000016821F001010160002070478021416547
:100EB00001207047406D7047F0B581B0002100916E
:100EC00040F21001C2F200010B68D0E9166148F24D
:100ED000B51537680822C1F64E358A403A42A3FB61
:100EE00005350CD003681C68640708D51C6824F01D
:100EF00004041C60B260426D42F0010242650122AE
:100F00008A403A4208D003685B691B0604D5B26088
:100F1000426D42F00202426504228A403A4208D001
:100F200003681B689B0704D5B260426D42F004025F
:100F3000426510228A403A4219D001680B681B07AB
:100F400015D5B2600B680A685B0309D4D20509D4D1
:100F50000A6822F008020A60016C29B907E000BFA4
:100F6000110341D4016C11B1044688472046C26D7B
:100F7000202101FA02F33B4243D001680F68FF06CB
:100F80003FD5B36090F835700B68052F1CD123F066
:100F900016030B604B6923F080034B61036C0BB9A4
:100FA000836C1BB10B6823F008030B603F21914059
:100FB000B160012180F83510016D0022002980F810
:100FC000342054D158E000BF0A685B0310D4D20526
:100FD00012D40A6822F010020A60012180F835104C
:100FE000002180F8341007E0816C0029BCD1BEE7F5
:100FF000110301D4416C00E0C16B11B10446884774
:101000002046416DC1B3416DC9072ED0052180F83E
:1010100035100168AA0A0B6823F001030B60009BDE
:101020000133934200931AD80B68DB0717D0009B5B
:1010300001339342009312D80B68DB070FD0009B5B
:101040000133934200930AD80B68DB0707D0009B5B
:1010500001339342009302D80B68DB07DFD10121F3
:1010600080F83510002180F83410C16C21B101B036
:10107000BDE8F040084700BF01B0F0BD2DE9F041E8
:10108000044600F0DBFAECB10546022084F8350096
:101090000020216884F83400086820F0010008600E
:1010A00021680868C00711D000F0C8FA401B052865
:1010B000F6D9032520230320636584F83550BDE865
:1010C000F08100BF0120BDE8F08100BF086848F250
:1010D0003F02CFF21002D4E9013500EA020C04F11C
:1010E0000C0898E8C10143EA0C032B431843D4E9E8
:1010F000072E304338431043626A40EA0E00042A48
:1011000040EA08031CD1206BD4E90A2E40EA0E0005
:10111000184308604869BEF1000F20F0030040EA60
:10112000020040F0040C11D0B8F5005F36D0B8F1E1
:10113000000F45D1022A46D0012A3BD032B942E005
:101140000B60486920F0070040EA020C01F0F8004B
:101150004AF6AB221038CAF6AA22A0FB02231A09CB
:101160004BF6EC03C1F814C0C0F600039A5C40F2E1
:10117000FF335F284FF03F0021EA030100FA02F03D
:1011800088BF0431C4E916128860002301250020BD
:10119000636584F83550BDE8F08100BF032AD5D8D7
:1011A000012540230120DFE802F0030E030500BF04
:1011B00082E700BFAEF1C070B0FA80F0400904E0F1
:1011C000032A04D3C2D1CEF300600028BED001258B
:1011D00040230120636584F83550BDE8F0810000AC
:1011E00090F834C0BCF1010F04BF0220704770B505
:1011F0004FF0010C80F834C0D0F858E090F835C0BA
:10120000BCF1010F38D14FF0020C80F835C04FF01F
:10121000000CC0F854C0D0F800C08468056CC06DE4
:10122000DCF80060402C26F48026CCF80060CCF876
:1012300004300B4604BF13460A463F2101FA00F072
:10124000CCF80830CCF80C20CEF80800DCF8000010
:1012500040F01600CCF800002DB1DCF8000040F0A2
:101260000800CCF80000DCF8000040F00100CCF8E9
:101270000000002070BD00BF002180F83410022063
:1012800070BD0000B0B5044600F0D8F9054640F244
:101290000000C2F200000078611C18BF044400BFC7
:1012A00000F0CCF9401BA042FAD3B0BDB0F5805F8E
:1012B00018BF7047B0B584B002200DF10E01CDE922
:1012C000001040F604000A25C2F20000D021472297
:1012D0000123029500F074FABDF80E009FED5D1A2F
:1012E000C1BA00EE101AB8EEC00A80EE011A00BAB8
:1012F000010C40F2DC10C2F2000090ED020A9FEDFA
:10130000563A9FED564A418080ED011A31EE401A5F
:10131000B0EEC12AB4EE432AB0EE415A9FED503AE6
:10132000F1EE10FAB8BFB0EE445A90ED044A25EE43
:10133000035A35EE044A80ED044A90ED044A9FEDCD
:10134000495AB4EE454AF1EE10FA07DD90ED044A31
:101350009FED455A34EE054A80ED044A90ED044A6B
:101360009FED425AB4EE454AF1EE10FA07DA90EDDD
:10137000044A9FED3F5A34EE054A80ED044A40F29C
:101380001C15C2F2000595ED044A40F23C14B0EE83
:10139000C44AB4EE434AF1EE10FAC2F200041DDA78
:1013A00094ED044AB0EEC44AB4EE434AF1EE10FAAA
:1013B00014DA40F20801C2F2000191ED013A33EE75
:1013C000033AB4EE432AF1EE10FA07DC9FED292A26
:1013D00021EE021A31EE000A80ED020A0178013195
:1013E00001700178022931D30021017095ED061AB0
:1013F00090ED050A90ED062A94ED063A31EE400A8A
:1014000073EE420A80ED051A80ED063A02F0D8FE2E
:10141000287F48B100F012F9A968401AC92822BFF4
:101420000020C5E904002877207F48B100F006F9C4
:10143000A168401AC92822BF0020C4E9040020770F
:1014400005F094FC03F04EF805F046FA04B0BDE850
:10145000B040704700000343CDCC4C3D000000007D
:101460000AD7233C000034430000B4C3000034C357
:101470000000B44317B7513A43F61441C4F20101D6
:101480000A68024214BF08607047FFF70FBF0000F0
:101490002DE9F04F83B000F1200200F13E4741F604
:1014A0000045009207F1FF77C4F2020508224FEAD7
:1014B000B726A84208BF072200254FF000084FF0CA
:1014C0000009072E38BF4FEAB72201920AE000BF99
:1014D00009F1010908F10208B9F1100F05F104053D
:1014E00000F0A2800F68012202FA09FE17EA0E0A34
:1014F000EED0D1F804C003220CF003077E1E02FADE
:1015000008F4012E6FEA040B12D88468CE6804EA4E
:101510000B0406FA08F634438460446824EA0E0695
:10152000CCF3001404FA09F42643466004E000BF3B
:10153000032F01D103271EE0C6688C6806EA0B065C
:1015400004FA08F42643022FC66014D16FF0030298
:10155000009E02EA590756F807C005F01C040F2246
:101560000B69A2402CEA0202A3401A43F251D1F8BF
:1015700004C00CF00307026807FA08F302EA0B0242
:101580001A431CF4403F0260A2D0002243F64403F9
:101590000292C4F202031A6843F6004442F4804205
:1015A0001A601A68C4F2010402F480420292029A9C
:1015B00029F003024FF6084C2244CFF6FF7C52F884
:1015C0000C3005F00C070F26BE40B343019E06FA0F
:1015D00007F73B4342F80C30A2684B6842EA0A071F
:1015E00043F60C4CDE0258BF22EA0A07A760C4F299
:1015F000010CDCF800209E0242EA0A0758BF22EAEA
:101600000A07CCF8007062689E0342EA0A0758BFD6
:1016100022EA0A0767602268DB0342EA0A0758BF2A
:1016200022EA0A07276053E703B0BDE8F08F000005
:10163000002A08BF090481617047000040F6483065
:10164000C2F20000006870477047000090F83D004B
:1016500070470000002804BF01207047F0B581B03A
:10166000044690F83D0028B9002084F83C0020464C
:1016700000F082FB242084F83D002068016821F0FE
:1016800001010160016841F400410160016821F439
:101690000041016000F0C0FD636848F2A16CC0F237
:1016A000010C40F60011C0F23D0163453CBF48F219
:1016B0008041C0F21E01884202D2012001B0F0BD7B
:1016C0004DF68361C4F21B31A0FB01122168970C17
:1016D000D1F804E04FF496762EF03F0545EA9245A6
:1016E0004D60774348F638160D6AC0F24106A7FBF5
:1016F000067625F03F07634538BF960C721C3A43C7
:101700000A62CA6948F2A0664CF6FF77C0F2010689
:10171000B34222EA07020BD801385B00B0FBF3F0BA
:1017200001306FF31F30042898BF04201BE000BF76
:10173000A768013857B119277B43B0FBF3F001309C
:101740006FF31F3070B100F5804007E003EB4303F7
:10175000B0FBF3F001306FF31F3018B100F500401B
:1017600001E000BF01201043C8610868D4E90723E5
:1017700020F0C000104318430860886848F2FF3228
:1017800004F10C0790438CCF18431043A66988607E
:10179000C86820F0FF0038433043C860086840F054
:1017A0000100086000202021206484F83D1020639F
:1017B00084F83E0001B0F0BD7047000070470000A3
:1017C0002DE9F04784B0994616460F460446FFF7C8
:1017D00035FF94F83D10202927D10546206800BF29
:1017E000816989071CD5FFF729FF411B20681A2949
:1017F000F6D381698907F3D500202021206384F87E
:101800003D1084F83E00206C04F13C0A40F02000BA
:101810002064022000218AF8001004B0BDE8F0879F
:10182000A2461AF83C1F012904D1022004B0BDE8E9
:10183000F08700BF01228AF800200368DDE90D1857
:101840000C9ADB0703D1036843F0010303600368CC
:1018500023F400630360222084F83D00402084F8D4
:101860003E000020206462626185608D39462085DB
:101870000020CFF6FF70E062204632464B46CDE9AD
:10188000008502F04DF918B1012004B0BDE8F087E1
:10189000208D08B3022813D0012835D121680A68A9
:1018A00022F480620A60002203924A6903928A69E4
:1018B0000392039A0A6842F400720A602CE000BFA7
:1018C00021680A6822F480620A600A6842F40062B1
:1018D0000A60002203921AE0002003902068416908
:1018E0000391816903910399016841F400710160DA
:1018F000202084F83D00002084F83E0000218AF872
:10190000001004B0BDE8F0870021039121684A6906
:1019100003928969039103990427C0F201070CE03F
:1019200010690870606A218D01306062481E208550
:10193000618D013961850104DAD080B203280FD8A6
:1019400002284AD001282DD1204641462A4602F0DD
:1019500085FB002898D12068616A0069E1E700BF33
:10196000204641462A4602F079FB00287FF48CAFDE
:101970002068616A00690870606A2268411C208DD5
:10198000616201382085638D013B638553695B0784
:10199000D1D580B20328C3D1106820F480601060D4
:1019A000BEE700BF2046394600224346009502F0BC
:1019B00003FA00287FF468AF2068616A026822F4A5
:1019C0008062026000690870606A218D0130606287
:1019D000481E2085608D01386085204639460022EA
:1019E0004346009502F0E8F900287FF44DAF2068E7
:1019F000616A026842F40072026000690870606AFD
:101A00002268411C6162218D01392185618D013976
:101A100061851169417085E72DE9F04383B09946EE
:101A200016460F460446FFF709FE94F83D1020299C
:101A300024D10546206800BF816989071AD5FFF7C0
:101A4000FDFD411B20681A29F6D381698907F3D56A
:101A500000202021206384F83D1084F83E00216C92
:101A600041F02001216484F83C00022003B0BDE86D
:101A7000F08300BF94F83C10012903D1022003B089
:101A8000BDE8F083012284F83C200368DDE90B18EF
:101A90000A9ADB0703D1036843F00103036003687C
:101AA00023F400630360212084F83D00402084F883
:101AB0003E000020206462626185608D3946208589
:101AC0000020CFF6FF70E062204632464B46CDE95B
:101AD000008502F0AFF818B1012003B0BDE8F08333
:101AE000208D98B9204641462A4602F007F988B36E
:101AF000206C0428F0D12068016841F40071016075
:101B0000012003B0BDE8F0830004EBD0204641463D
:101B10002A4602F0EBFA0028EAD1616A22680846F8
:101B200010F8013B1361238D6062581E2085678D7C
:101B3000013F678557697F07E6D50704E4D04878F9
:101B40001061881C6062981E2085618D0139618555
:101B5000DAE700BF2068016841F4007101602020CD
:101B600084F83D00002084F83E0084F83C0003B077
:101B7000BDE8F0832DE9F04784B004460020984684
:101B800016460F460390FFF759FD94F83D102029A3
:101B900040F0978040F21001C2F2000109684BF258
:101BA0008952C908C1F2F842A1FB0212DDE90C1307
:101BB000120A19256A430392039A013A0392039A7F
:101BC000002A73D022689569AD071AD5039D013D9F
:101BD0000395039D002D69D09569AD0711D5039D2F
:101BE000013D0395039D002D60D09569AD0708D593
:101BF000039D013D0395039D002D57D09569AD07C9
:101C0000DAD494F83C50012D5BD0012584F83C5087
:101C10001568ED0703D1156845F0010515601568D5
:101C20004FF0000C25F400651560212584F83D5027
:101C3000402584F83E50C4F840C061626385638DDE
:101C40000025CFF6FF752385E5626764A664C4F8B6
:101C50004C80C4F850C0CBB3656B002D46D0814694
:101C600043F6F110C0F6000043F6A51C4FF0000A41
:101C7000C0F6000CC5E90F0A10322846C5E911AAC2
:101C8000C5E913CAFFF7ACFA00283FD0202084F83A
:101C90003D0084F83EA0206C40F01000206484F8E1
:101CA0003CA0012004B0BDE8F08700BF0020202147
:101CB000206384F83D1084F83E00206C40F0200042
:101CC0002064022004B0BDE8F08700BF202084F823
:101CD0003D0084F83EC0206C40F04000206484F851
:101CE0003CC0012004B0BDE8F08700BF202084F88C
:101CF0003D00002084F83E00216C41F08001216409
:101D000084F83C00012004B0BDE8F087232520467C
:101D1000394632464346CDE9005901F08BFFA8B160
:101D2000606BFFF7B5F8616B20680022CA63016839
:101D300021F48061016022856285016821F0010142
:101D40000160012004B0BDE8F08700BF00200290D0
:101D500021684A6902928A690292029A84F83C00D8
:101D60004A6842F480724A604A6842F400624A60FB
:101D700004B0BDE8F08700002DE9F04F87B001689E
:101D800045F60042C4F2000200269142CDE9056604
:101D9000CDE90366029667D045F60000C4F2000064
:101DA000814233D045F20040C4F20000814240F04D
:101DB000C180002443F630050194C4F2020528686E
:101DC00002A940F002002860286800F0020001909B
:101DD00001984FF4407002901220CDE903040320D3
:101DE00005900420069040F20040C4F20200FFF784
:101DF0004FFB0194286940F400102861286900F421
:101E000000100190019807B0BDE8F08F002443F660
:101E100030050194C4F20205286802A940F00200CE
:101E20002860286800F00200019001984FF440609B
:101E300002901220CDE903040320059004200690AF
:101E400040F20040C4F20200FFF722FB019428692F
:101E500040F480002861286900F480000190019816
:101E600007B0BDE8F08F00BF43F630070196C4F21B
:101E700002078046386840F2004540F004003860B0
:101E80003868C4F2020500F0040001900198019640
:101E9000386802AC40F00100386038684FF0120931
:101EA00000F00100019001984FF4007002904FF093
:101EB000030A4FF0040B05F580602146CDE9039637
:101EC000CDF814A0CDF818B0FFF7E2FA4FF4807007
:101ED000CDE9020904A880E8400CA5F58060214600
:101EE000FFF7D6FA0196386940F2A47440F4000076
:101EF00038613869C2F2000400F4000001900198D2
:101F000007F521504FF0C06140224FF4806384E810
:101F100047002046C4E90436C4E90666C4E90866F9
:101F2000FFF7ACF8002818BFFEF7AEFFC8F8344042
:101F3000C4F8388007B0BDE8F08F0000704700009B
:101F40007047000040F2000040F64831C2F2000045
:101F5000C2F2000100780A6810440860704700006F
:101F600080B543F60040C4F20200016841F40071FC
:101F70000160016841F480610160016841F4807191
:101F80000160032000F086F80F2000F005F800F053
:101F900027F8002080BD000070B540F20006C2F2B4
:101FA000000640F210013278C2F200014FF47A7359
:101FB0000968B3FBF2F20446B1FBF2F1084600F007
:101FC00061FB0F2C4FF0010508D838B94FF0FF30F6
:101FD00021460022002500F031F87460284670BDCB
:101FE00082B0002043F640010190C4F202014A6829
:101FF00042F480424A604A6802F480420192019AA7
:102000000090086840F080500860086800F0805038
:102010000090009802B07047002848BF704700F059
:102020001F01012202FA01F11C2202EAD0004EF245
:102030000012CEF2000281507047000010B54EF63B
:102040000C5CCEF2000CDCF80030C3F3022E8EF0F4
:102050000704042C28BF0424BEF103034FF0FF3E05
:102060000EFA04F438BF0023A14399400EFA03F39B
:102070009A43114300F00F0200F160430901043A52
:1020800003F564436244002848BF02F10C03197051
:1020900010BD00004EF60C51CEF200010A684FF65A
:1020A000FF031A4060F30A2242F0806040F0FD70A6
:1020B00008607047002804BF012070472DE9F041F7
:1020C00043F60808C4F202080446D8F8F8030D469F
:1020D00000F00700814207D988F8F853D8F8F803D0
:1020E00000F00700A84277D12068810717D5410783
:1020F00005D5D8F8001041F4E051C8F800100107E8
:1021000005D5D8F8001041F46041C8F80010D8F89F
:102110000010A26821F0F0011143C8F80010C007B8
:1021200040D1D8F8F80300F00700854207D288F8BC
:10213000F853D8F8F80300F00700A8424CD1206803
:10214000410707D5D8F80010E26821F4E0511143A7
:10215000C8F80010000708D5D8F80000216920F45D
:10216000604040EAC100C8F8000000F07DF8D8F8EF
:1021700000104BF22C12C1F30311C0F60002515CA7
:1021800040F2100220FA01F140F20400C2F2000015
:102190000068C2F200021160FFF7FEFE0020BDE8F9
:1021A000F08100BF6068811E022907D258F8081C20
:1021B00089015CBF0120BDE8F08111E0012807D151
:1021C00058F8081C89035CBF0120BDE8F08107E0D6
:1021D00058F8081C890703D40120BDE8F08100BF2E
:1021E000D8F8001021F003010843C8F80000FFF7F9
:1021F00025FA064641F28837D8F80000616800F0F9
:102200000C00B0EB810F8CD0FFF718FA801BB8429E
:10221000F2D90320BDE8F08140F2100043F6080136
:10222000C2F20000C4F20201006809684BF23C12DD
:10223000C1F38221C0F60002515CC8407047000023
:1022400040F2100043F60801C2F20000C4F202019D
:10225000006809684BF23C12C1F34231C0F600023B
:10226000515CC8407047000010B543F60404C4F246
:1022700002046168C1F3810142F20040C0F2F4003F
:10228000DFE801F002040A0210BD00BF41F20020A5
:10229000C0F27A0010BD00BF216801F03F02216842
:1022A00023684902C3F3881106D4A1FB000100236F
:1022B000FEF700F807E000BF41F20020C0F27A000C
:1022C0004843B0FBF2F021680222C1F3014102EB66
:1022D0004101B0FBF1F010BD002804BF01207047A0
:1022E0002DE9F04182B00446007843F60006C007AD
:1022F000C4F202060CD0B06800F00C00042840F0D4
:1023000081803068800303D56068002800F0688110
:10231000207880071BD5B06810F00C0F09D0B0688A
:1023200000F00C00082840F087807068400200F13F
:1023300083803068800703D5E068012840F0508131
:102340003068216920F0F80040EAC1003060207850
:10235000000713D4207840072AD4A569002D00F087
:102360003A81B06800F00C00082840F0A580012DEB
:1023700040F00E81012002B0BDE8F08160690028C4
:1023800000F082800020C4F247200121C0F8801EA6
:10239000FFF754F9054600BF706F8007DAD4FFF7E6
:1023A0004DF9401B0228F7D9032002B0BDE8F081A7
:1023B000306C5FEAC0080AD400200190306C40F015
:1023C00080503064306C00F080500190019847F2EA
:1023D0000007C4F200073868C00547D4386840F4E5
:1023E00080703860FFF72AF9054600BF3868C005DD
:1023F0003CD4FFF723F9401B0228F7D9032002B091
:10240000BDE8F081B06800F00C00082803D17068C6
:1024100040023FF576AF61683068B1F5803F07D084
:10242000B1F5A02F40F09A8040F4802030603068F1
:1024300040F4803030609AE0E068002840F200000C
:10244000C4F247205CD001210160FFF7F7F8054690
:10245000306880073FF574AFFFF7F0F8401B0228A3
:10246000F6D9032002B0BDE8F08100BFA168306F4B
:10247000012905D0052955D140F004003067306F9F
:1024800040F00100306756E00020C4F247200021F0
:10249000C0F8801EFFF7D2F8054600BF706F8007B6
:1024A0007FF558AFFFF7CAF8401B0228F6D9032082
:1024B00002B0BDE8F08100BF0027C4F2472700202A
:1024C0003866FFF7BBF8022D05460DD13068800154
:1024D00040F18A80FFF7B2F8401B02284FF003005A
:1024E000F4D902B0BDE8F0813068800173D5FFF700
:1024F000A5F8401B02284FF00300F5D9F1E700BF13
:1025000000210160FFF79AF8054600BF3068800798
:102510007FF51DAFFFF792F8401B02284FF0030034
:10252000F4D9DEE720F001003067306F002920F099
:10253000040030677AD0FFF781F8054641F288370A
:10254000306F800700F18480FFF778F8401BB842B5
:10255000F6D9032002B0BDE8F08100BF20F480303E
:1025600030603068002920F4802030607AD0FFF796
:1025700065F80546306880033FF5CAAEFFF75EF8A0
:10258000401B6428F6D9032002B0BDE8F08100BFEB
:102590007068E16900F480028A4221D1216A00F06A
:1025A0003F028A421CD147F6C071626A0140B1EB1A
:1025B000821F15D1A16A4FF6FF73C903994300F436
:1025C0004032A1F580318A420AD1E16A00F07060A0
:1025D000B0EB016F04D1002002B0BDE8F08100BF74
:1025E000012002B0BDE8F08104F11C052FCD0843A5
:1025F00040EA8210D9034FF6FF729143A1F5803172
:1026000040EA05600843706001203866FFF716F85D
:10261000044600BF30688001DDD4FFF70FF8001BCF
:1026200002284FF00300F5D95BE700BFFFF706F87B
:10263000054641F2883700BF306F800708D5FEF7A6
:10264000FDFF401BB8424FF00300F5D949E700BF3A
:10265000B8F1000F3FF581AE306C20F0805030644F
:102660007BE600BFFEF7EAFF054600BF3068800347
:102670007FF54EAEFEF7E2FF401B64284FF00300EB
:10268000F4D92EE7411E0020B0EB116F1CBF0120D2
:1026900070474EF21002CEF2000251604EF6235106
:1026A000CEF20001F0230B7007219060116070479B
:1026B000704700007047000090F83C20012A4FF05E
:1026C000020254D010B580F83D200268D2F804E030
:1026D000D2F808C00C682EF07003234341F2FF7457
:1026E000C4F20004A24253600EDC40F2FF73C4F255
:1026F00000039A4216DCB2F1804F2BD040F2004327
:10270000C4F2000324E000BF40F2FF33C4F201032F
:102710009A4213DC41F60003C4F200039A4219D036
:10272000002313E040F60003C4F200039A4211D0E4
:1027300040F60043C4F200030AE000BF44F2000385
:10274000C4F201039A4205D040F20043C4F20103EF
:102750009A4204D149682CF0800319439160012109
:10276000002280F83D1080F83C20BDE81040104663
:1027700070470000002804BF0120704710B50446D0
:1027800090F83D0028B9002084F83C00204600F075
:102790001FF8022084F83D002068211D02F068F92E
:1027A000012084F8460084F83E0084F83F0084F855
:1027B000400084F8410084F8420084F8430084F823
:1027C000440084F8450084F83D00002010BD00005E
:1027D00080B586B0006840F2FF71C4F20001884203
:1027E0004FF000010591CDE90311CDE9011145DD5F
:1027F00040F60001C4F2000188425BD040F600417F
:10280000C4F20001884267D00021C4F2010188426D
:1028100040F0C380002043F640010090C4F2020162
:102820004A6842F001024A604A6802F001020092DE
:10283000009A009051F8102C42F0100241F8102C30
:1028400051F8101C01F01001009100994FF4D4418F
:1028500001910221CDE90210049001200590002091
:10286000C4F2020000F5805001A9FEF711FE1B2002
:1028700004210022FFF7E2FB1B208CE0B0F1804F27
:102880005AD040F20041C4F20001884240F08580F5
:102890000020009043F64000C4F20200016841F0BD
:1028A00002010160006800F002000090009806B08C
:1028B00080BD00BF0020009043F64000C4F202003B
:1028C000016841F004010160006800F0040000901C
:1028D000009806B080BD00BF002043F64001009084
:1028E000C4F202010A6842F008020A600A6802F0B3
:1028F00008020092009A009051F8102C42F0010258
:1029000041F8102C51F8101C01F0010100910099C0
:102910000221CDE903000020CDE901110591C4F2A7
:10292000020001A9FEF7B4FD322001210022FFF7C9
:1029300085FB32202FE000BF002043F640010090CD
:10294000C4F202010A6842F001020A600A6802F059
:1029500001020092009A009051F8102C42F00102FE
:1029600041F8102C51F8101C022201F001010091D5
:1029700000990121CDE90220CDE904010020019157
:10298000C4F2020001A9FEF783FD1C2001210022F0
:10299000FFF754FB1C20FFF73FFB06B080BD000093
:1029A00090F83D1001291CBF01207047022180F8DA
:1029B0003D10006841F2FF71C4F2000188420DDC55
:1029C00040F2FF71C4F20001884215DCB0F1804F83
:1029D0002AD040F20041C4F2000123E040F2FF316E
:1029E000C4F20101884213DC41F60001C4F2000187
:1029F000884219D0002113E040F60001C4F2000122
:102A0000884211D040F60041C4F200010AE000BF44
:102A100044F20001C4F20101884205D040F20041B5
:102A2000C4F20101884206D1816801F0070106293C
:102A300004BF00207047016841F0010101600020DF
:102A40007047000090F83C20012A4FF002026CD041
:102A500080B580F83D20D0F800C04FF67772DCF8E2
:102A6000083023EA0202CCF808200B684F2B29DC3F
:102A70001F2B45DD202B46D0302B44D0402B40F07F
:102A8000AF80D1F804E0C968DCF82030DCF8202001
:102A900022F00102CCF82020DCF8182022F0F0020D
:102AA00042EA011123F00A0242EA0E02CCF81810A1
:102AB000CCF82020DCF8081041F0470121F030016B
:102AC00028E000BF6F2B33DDB3F5005F74D0B3F5A2
:102AD000805F21D0702B40F08380D1E901E3C96889
:102AE000DCF8082043EA0E0322F47F4243EA012186
:102AF0001143CCF80810DCF8081041F0770109E028
:102B00000BB1102B6CD1DCF8081021F070011943C7
:102B100041F00701CCF808100022012180F83D1097
:102B2000002180F83C10BDE880401046704700BF8F
:102B3000502B21D0602B53D1D1F804E0C968DCF8C8
:102B40002030DCF8202022F01002CCF82020DCF825
:102B5000182022F4704242EA013123F0A00242EA36
:102B60000E12CCF81810CCF82020DCF8081041F038
:102B7000670121F01001CDE7D1F804E0C968DCF865
:102B80002030DCF8202022F00102CCF82020DCF8F4
:102B9000182022F0F00242EA011123F00A0242EA70
:102BA0000E02CCF81810CCF82020DCF8081041F008
:102BB000570121F02001ADE7D1E901E3C968DCF854
:102BC000082043EA0E0322F47F4243EA0121114325
:102BD000CCF80810DCF8081041F480419AE700BFF7
:102BE00001229AE710B50446FEF728FD40F268710D
:102BF000C2F20001086020680022C4F20102904283
:102C000046D040F60042C4F20002904222D0B0F119
:102C1000804F1DD13420C4F20000036840F2181028
:102C2000C2F20000826804699A1A09680134652AB0
:102C3000C0E90231046180F0818090F90010B1F1A7
:102C4000FF3F40F3A28090F90010012980F2AA8092
:102C500010BD00BF40F63840C4F20000036840F2E7
:102C60001810C2F20000826A046B9A1A09680134D3
:102C7000652AC0E90A31046324D290F90110B1F148
:102C8000FF3F45DD90F9011001294DDAE0E700BF73
:102C9000207F012818BF10BD40F274712020C2F2BD
:102CA0000001C4F201000B7C4269002B00F084801B
:102CB0004A604A680B689A4240F286804A680B680C
:102CC000D21A87E0426200EE102A9FED521A90F964
:102CD0000110B8EE400A81EE001AB1F1FF3FDCBFEF
:102CE000B1EE412A80ED0D2A90F901100129A8BF0B
:102CF00080ED0D1A9FED481A012181EE000A80F83F
:102D0000401080ED0E0A90F90110B1F1FF3FB9DCDF
:102D100090ED0F0A9FED411A30EE010A80ED0F0A87
:102D200090F90110012993DB90ED0F0A9FED3C1AF9
:102D300030EE010A80ED0F0A10BD00BF426000EEC8
:102D4000102A9FED341A90F90010B8EE400A81EE77
:102D5000001AB1F1FF3FDCBFB1EE412A80ED052A38
:102D600090F900100129A8BF80ED051A9FED2A1ADD
:102D7000012181EE000A80F8201080ED060A90F90A
:102D80000010B1F1FF3F3FF75EAF90ED070A9FEDF6
:102D9000231A30EE010A80ED070A90F9001001298C
:102DA000FFF656AF90ED070A9FED1D1A30EE010AAF
:102DB00080ED070A10BD00BF0A6001220A74016895
:102DC00041F00201016010BD0A684B689A1A4FF683
:102DD000FF731A448A608A6846F2A8139A4203D99C
:102DE00042F20F720BE000BF8A6848F21F5302EBF9
:102DF0000212C5F2EB13A2FB0323C3F34F12CA6006
:102E000001224A7400220A74016821F00201016063
:102E100010BD00BFB8881F46001B374A6CDB29BCB9
:102E20006CDB293C90F83C30012B04BF022070473A
:102E30004FEAB202032A00F28D80F0B5DFE802F01B
:102E4000026426460368D1E900C5D1F80CE01C6A8B
:102E50001A6A41F2FF7722F001021A621A4652F80A
:102E6000186FC4F20007BB427ADC40F2FF77C4F26D
:102E70000007BB4200F38280B3F1804F00F09680E0
:102E800040F20047C4F200078EE000BF0768D1E9B6
:102E900000C5D1E902313C6A3A6A61F3071522F4B0
:102EA00080723A623A4652F81C6F26F0F30645EA01
:102EB000060124F420660CF00A0546EA0526116096
:102EC0003E62116821F00C01116080E00368D1E9D5
:102ED00000E6D1E902C11C6A1A6A360222F4805265
:102EE0001A621A4652F81C5F4FF2FF07BE4325F4E0
:102EF000734561F30F3624F420440EF00A0746EAC6
:102F0000050144EA07371CE00368D1E900E6D1E98E
:102F100002C11C6A1A6A360222F010021A621A46AC
:102F200052F8185F4FF2FF07BE4325F4734561F373
:102F30000F3624F0A0040EF00A0746EA050144EA21
:102F4000071711601F6211684FEA0C2321F44061DA
:102F500011603CE00121002280F83C2008467047C7
:102F600040F2FF37C4F20107BB4213DC41F6000711
:102F7000C4F20007BB4219D0002713E040F6000757
:102F8000C4F20007BB4211D040F60047C4F200076C
:102F90000AE000BF44F20007C4F20107BB4205D0BB
:102FA00040F20047C4F20107BB421BD126F00306E2
:102FB000354324F00A070CF00A066EF30715374470
:102FC0009D611F629F6927F00C079F618B681168E4
:102FD000194311600021BDE8F040002280F83C2038
:102FE0000846704746F00105E3E70000002804BFEB
:102FF0000120704710B5044690F83D0028B9002024
:1030000084F83C00204600F01FF8022084F83D00C0
:103010002068211D01F02CFD012084F8460084F871
:103020003E0084F83F0084F8400084F8410084F8B2
:10303000420084F8430084F8440084F8450084F892
:103040003D00002010BD00007047000031B304298E
:1030500008D0082919BF4FF0450C41234FF0440C0C
:10306000402302E04FF0430C3F23C25C10F80C30C9
:10307000012A4FF0010208BF012B63D10222082967
:1030800022D0042954D180F83F2080F843204FEA11
:10309000B103032B4FF0010220D953E090F83E20FA
:1030A00090F84230012A4FF0010208BF012B49D1AC
:1030B000022280F83E2080F842204FEAB103032B21
:1030C0004FF001020AD93DE080F8402080F844200A
:1030D0004FEAB103032B4FF0010233D84BF6BC0C7F
:1030E0000068C0F6000C5CF823C0C36801F01F0143
:1030F00043EA0C03C360036A02FA01F123EA010206
:103100000262026A114341F2FF72C4F2000290426D
:10311000016219DC40F2FF71C4F20001884221DC37
:10312000B0F1804F36D040F20041C4F200012FE0F0
:1031300080F8412080F845204FEAB103032B4FF07F
:103140000102CBD91046704740F2FF31C4F20101B1
:10315000884213DC41F60001C4F20001884219D014
:10316000002113E040F60001C4F20001884211D0B2
:1031700040F60041C4F200010AE000BF44F2000141
:10318000C4F20101884205D040F20041C4F20101BD
:10319000884206D1816801F00701062904BF00209A
:1031A0007047016841F00101016000207047000094
:1031B00070B504460068C5680669B10716D515F0F4
:1031C000020113D06FF002010161012121778069B2
:1031D000800703D02046FFF705FD05E0204600F0FC
:1031E000DBF8204600F01AFA00202077700719D586
:1031F00015F0040016D020686FF00401016102216F
:103200002177806910F4407F04D02046FFF7EAFC64
:1032100006E000BF204600F0BFF8204600F0FEF9AF
:1032200000202077300717D515F0080014D020684B
:103230006FF00801016104212177C069800703D084
:103240002046FFF7CFFC05E0204600F0A5F8204619
:1032500000F0E4F900202077F00619D515F01000F1
:1032600016D020686FF01001016108212177C06934
:1032700010F4407F04D02046FFF7B4FC06E000BF06
:10328000204600F089F8204600F0C8F90020207799
:10329000F00718BF15F0010002D1300609D412E082
:1032A00020686FF001010161204600F041FA30060C
:1032B00009D515F0800006D020686FF0800101610B
:1032C0002046FFF7F5F9700609D515F0400006D045
:1032D00020686FF040010161204600F02BFAB00633
:1032E00058BF70BD15F0200008D021686FF0200293
:1032F00020460A61BDE87040FFF7DCB970BD0000F0
:1033000080B586B0006840F60002C4F200020021D9
:103310009042CDE90411CDE9021101911AD040F299
:103320000041C4F20001884234D10020009043F6ED
:103330003000C4F20200016841F00401016000683D
:10334000402100F004000090009840F60000C4F214
:10335000020015E043F630000091C4F2020001685B
:1033600041F00801016000684FF4704100F008006E
:103370000090009840F60000C4F2020000F5806062
:103380000191022102910022059101A9CDE90322B8
:10339000FEF77EF806B080BD7047000090F83C3024
:1033A000012B04BF022070474FEAB202032A00F249
:1033B000FF802DE9F043DFE802F003B13F7F00BF5B
:1033C000036840F200461C6A1A6A24F0020422F0E4
:1033D00001021A621A46D3F804C052F818EF8F6837
:1033E00043F48065C4F20106B54244EA070405D1FE
:1033F000CF6824F00C0427F004073C430F68B54263
:1034000006D1D1E905582CF440762E4346EA080C43
:103410002EF073063743C3F804C09F614F680969F3
:103420005F631C629F6947F008079F619F6927F0EF
:1034300004079F61B1E000BF036840F200481C6AC6
:103440001A6A24F4007422F480721A621A46D3F8BD
:1034500004C052F81CEF8F6843F48065C4F2010881
:10346000454544EA072408D1CF6840F2FF463F02B1
:1034700024F4406427EA06063443D1F80090454519
:1034800006D1D1E905562CF440572E4347EA061CD5
:103490002EF0730747EA0907C3F804C0DF614F68DD
:1034A0000969DF631C62DF6947F00807DF61DF69D4
:1034B00027F00407DF6170E0036840F20045D3F8AD
:1034C00020C01A6A43F4806722F480521A621A46B6
:1034D0005C6852F81C8FD1F800E08E68C4F20105D8
:1034E000AF4204D14D6924F4804444EA85142CF49D
:1034F000005747EA063728F4E64646EA0E265C609F
:10350000DE614E6809691E641F62DF6947F4006767
:10351000DF61DF6927F48067DF613DE0036840F227
:1035200000481C6A1A6A24F0200422F010021A6271
:103530001A46D3F804C052F818EF8F6843F4806538
:10354000C4F20108454544EA071407D1CF686FF07B
:10355000400624F0C00406EA07163443D1F8009070
:10356000454506D1D1E905562CF440672E4347EA7C
:10357000860C2EF4E64747EA0927C3F804C09F618A
:103580004F6809699F631C629F6947F400679F61E8
:103590009F6927F480679F610902136819431160CE
:1035A0000021BDE8F043002280F83C200846704727
:1035B0000121002280F83C2008467047002804BF03
:1035C0000120704710B5044690F83D0028B900204E
:1035D00084F83C00204600F01FF8022084F83D00EB
:1035E0002068211D01F044FA012084F8460084F887
:1035F0003E0084F83F0084F8400084F8410084F8DD
:10360000420084F8430084F8440084F8450084F8BC
:103610003D00002010BD0000704700007047000012
:10362000C1B1042908D0082914BF41224022825C7C
:10363000012A05D016E000BF3F22825C012A11D189
:103640000222082910D0042914BF80F8412080F8F4
:103650003F200BE090F83E20012A03D1022280F89F
:103660003E2003E00120704780F84020006801F010
:103670001F010122036A02FA01F123EA0102026238
:10368000026A114341F2FF72C4F2000290420162E9
:103690000CDC40F2FF71C4F20001884214DCB0F18E
:1036A000804F37D040F2004116E000BF40F2FF31BA
:1036B000C4F20101884215DC41F60001C4F20001A8
:1036C000884227D0002115E040F60001C4F2000135
:1036D00088421FD040F60041C4F20001884219D050
:1036E0001FE000BF44F20001C4F20101884211D082
:1036F00040F20041C4F20101884212D1416C40F213
:10370000004340F48062C4F2010341F400419A4254
:10371000416406D1816801F00701062904BF002039
:103720007047016841F0010101600020704700000E
:103730007047000070470000002804BF0120704758
:1037400010B5044690F8410028B9002084F84000E4
:10375000204600F021F8242084F841002068C16848
:1037600021F40051C160204601F020FA206801696F
:1037700021F490410161416921F02A014161C16850
:1037800041F40051C16000202021606484F84110A0
:1037900084F84210606310BD80B586B041F200012C
:1037A0000068C4F20101002288420592CDE903229B
:1037B0000292019202D006B080BD00BF43F63000F5
:1037C0000092C4F20200436943F01003436143696D
:1037D00003F010030093009B0092036843F0020380
:1037E0000360006800F0020000900098C020019083
:1037F0000220CDE90202032004900720059001F584
:10380000744001A9FDF744FE06B080BD2DE9F043E8
:1038100081B0044690F84100202809D100294FF0DA
:10382000010018BF002A07D101B0BDE8F08300BF36
:10383000022001B0BDE8F0830020606421201D4615
:103840000E4684F841001746FDF7F8FEA784E7848A
:10385000A1688146B1F5805F02D1206900285DD062
:1038600037460020E28C2168002A5DD06A1C24D0F3
:10387000002D4AD0804600BF0868000608D4FDF736
:10388000DDFEA0EB0900A8427AD82168C868F3E7FA
:1038900017B117F8010B04E038F8020B00276FF39B
:1038A0005F204860E08C0138E084E08C0028E3D1A0
:1038B0003AE000BF0A68120609D40A68120606D464
:1038C0000A6812065CBF0A685FEA0262F2D51FB19D
:1038D00017F8012B05E000BF30F8022B00276FF32B
:1038E0005F224A60E28C013AE284E28C002AE4D151
:1038F0001AE000BF30F8022B00276FF35F224A6006
:10390000E28C013AE284E28C72B10A68120635D583
:10391000002FEFD017F8012BF1E700BF002730464A
:10392000E28C2168002AA1D1086840061ED42DB37C
:10393000681C14D1086840062AD40868400627D4B9
:103940000868400624D4086840064FF00000F1D50E
:103950000DE000BF2068C1680068400618D4FDF77C
:103960006DFEA0EB0900A842F4D909E00020202157
:1039700084F8411001B0BDE8F08300BFFDF75EFEA2
:103980000320202184F8411001B0BDE8F08300BF7E
:103990000020202184F8411001B0BDE8F083000030
:1039A000FEE7000010B5846B616B00291CBF00228C
:1039B000CA63A16B00291CBF0022CA63FDF77AFA13
:1039C000022808BF10BD2068016821F480610160F1
:1039D00000202021608584F83D1084F83E00206C92
:1039E00040F0100120462164BDE81040FDF72CBED8
:1039F00010B5846B94F83D2094F83EE0D4F82CC0C8
:103A00002168606B4B68002823F440734B601CBF37
:103A10000023C363A06B00281CBF0023C36302F014
:103A20002100212820D002F02200222808BFBEF168
:103A3000200F19D094F83E00002808BF10BD608DFB
:103A4000012803D1086820F4806008604868BCF150
:103A5000070F20F44070486028DCBCF12A4F2BD0BF
:103A60001CF5803F28D02BE048682A2A20F400600B
:103A700048604FF0000060850AD0292A10D121202B
:103A80002063282084F83D002046FEF759FA07E01D
:103A900022202063282084F83D002046FEF74EFABD
:103AA0002068416841F44071416010BDBCF1200FB5
:103AB00002D0BCF1080F03D1086840F40070086020
:103AC000486820F480504860486820F400604860EE
:103AD00000216185206C28B12046BDE81040FDF72B
:103AE000B3BD00BF202084F83D0094F83E0084F868
:103AF0003E10402806D120462163BDE81040FDF766
:103B00005DBE00BFBCF1080018BF1220BCF120014F
:103B100018BF014620462163BDE81040FDF74CBEAA
:103B20002DE9F04782B0044600689A460B9D0A9E34
:103B30000368914643F48062026002680F4642F4D3
:103B40008071016020464FF001110022334600953C
:103B500000F032F950B120680068C00544BF4FF44E
:103B600000702064032002B0BDE8F08740F2020834
:103B70002068C0F2010807F0FE07076120464146B1
:103B800032462B4600F0FEF920B1012002B0BDE81C
:103B9000F08700BF0020019020682A46416901910A
:103BA0008069314601900198204600F09FFAB0B933
:103BB0002068BAF1010F09D04FEA192101612046AE
:103BC00031462A4600F092FA48B920685FFA89F136
:103BD0000161204631462A4600F088FA60B1206C27
:103BE0000428D2D12068016841F4007101600120ED
:103BF00002B0BDE8F08700BF2068002201683346AC
:103C000041F48071016020464FF00111009500F0F1
:103C1000D3F800289FD147F0010C27682046414681
:103C200032462B46C7F810C002B0BDE8F04700F09E
:103C3000A9B900002DE9F04383B0044600680F469F
:103C400001680A9D0B9E41F480719946904601607F
:103C500020464FF0011100222B46009600F0ACF8F0
:103C600050B120680068C00544BF4FF40070206464
:103C7000032003B0BDE8F083206807F0FE01016176
:103C80000221C0F2010120462A46334600F07AF9AB
:103C900020B1012003B0BDE8F08300BF00200290F6
:103CA0002068324641690291806929460290029853
:103CB000204600F01BFA58B1206C0428E9D1206896
:103CC000016841F400710160012003B0BDE8F08398
:103CD0002068B9F1010F0AD04FEA1821016120468E
:103CE0002946324600F002FA0028E5D120685FFA42
:103CF00088F10161002003B0BDE8F08370B503686E
:103D0000044653F8140F400711D40E46481C29D01E
:103D100086BB00BF1868400527D4FDF78FFC2368D9
:103D200053F8140F400737D518684007F2D5002024
:103D300070BD00BF18684007F9D41868400514D456
:103D400018684007F3D4186840050ED41868400777
:103D5000EDD41868400508D4186840074FF00000FB
:103D600048BF70BD18684005E4D56FF480601860E6
:103D7000042012E0154603E053F8140F4007D6D490
:103D800018684005F1D4FDF759FC401B2368B04288
:103D9000F2D958694007EFD4202000212022216366
:103DA00084F83D2084F83E10226C104320640120EA
:103DB00084F83C1070BD00002DE9F0410546006814
:103DC0001E46144601F47F0201338FB242D0DDF863
:103DD0001880B2F5803F40F0878040693840C01BB2
:103DE000B0FA80F04009844240F0C8804EB924E027
:103DF00040693840C01BB0FA80F04009844240F06E
:103E0000BD80FDF71BFCA0EB08012868B142EFD98B
:103E100041693940C91BB1FA81F149098C42E7D1A6
:103E20009BE000BF40693840C01BB0FA80F04009F9
:103E300084424FF0000040F0A280FDF7FFFB2868AD
:103E400041693940C91BB1FA81F149098C42E9D174
:103E500083E000BFB2F5803F24D100BF4169394003
:103E6000C91BB1FA81F149098C4240F08780416950
:103E70003940C91BB1FA81F149098C4240F07E807A
:103E800041693940C91BB1FA81F149098C4275D1A8
:103E900041693940C91BB1FA81F149098C42DDD031
:103EA0006CE000BF81693940C91BB1FA81F1490951
:103EB0008C4263D181693940C91BB1FA81F149094A
:103EC0008C425BD181693940C91BB1FA81F1490942
:103ED0008C4253D181693940C91BB1FA81F149093A
:103EE0008C42DFD04AE000BF80693840C01BB0FA86
:103EF00080F04009844241D146B923E080693840CE
:103F0000C01BB0FA80F04009844237D1FDF796FB20
:103F1000A0EB08012868B142F0D981693940C91B7A
:103F2000B1FA81F149098C42E8D116E08069384044
:103F3000C01BB0FA80F0400984424FF0000018BF67
:103F4000BDE8F081FDF77AFB286881693940C91B1B
:103F5000B1FA81F149098C42E8D10020202128637F
:103F600085F83D1085F83E00296C41F02001296458
:103F700085F83C000120BDE8F08100BF0020BDE8CD
:103F8000F0810000F0B581B0044600681D46436929
:103F90008FB203EA0701B94202D1002001B0F0BD9F
:103FA0004169164601323CD0490512D47EB300BFA8
:103FB000FDF744FB411B2068B14203D941693940F8
:103FC000B9422BD141693940B942E6D0416949052E
:103FD000EED5016841F4007101606FF480614161C8
:103FE000042000212022216384F83D2084F83E1023
:103FF000226C1043206484F83C10012001B0F0BD15
:1040000041693940B942C8D041694905E1D4FDF759
:1040100015FB206841693940B942F1D02020E0E722
:1040200041694905D5D441693940B942B5D04169A2
:104030004905CED441693940B942AED041694905FC
:10404000C7D441693940B942A7D041694905C0D4B4
:1040500041693940B942E3D19FE7000070B5044699
:104060000068154650F8143F5A063DD40E4629B94B
:1040700026E000BF50F8141F490635D40168C90670
:1040800021D4FDF7DBFA411B2068B142F2D9416926
:104090004906EFD400202021206384F83D1084F8E5
:1040A0003E00206C40F0200018E000BFFDF7C6FA8B
:1040B000206850F8141F4906ECD50168490613D44E
:1040C0000168C906F2D56FF01001016000202021BF
:1040D000206384F83D1084F83E00206C20640020AA
:1040E00084F83C00012070BD002070BD70B50368ED
:1040F000044653F8140F000611D40E46481C29D06C
:1041000086BB00BF1868400527D4FDF797FA2368DF
:1041100053F8140F000637D518680006F2D50020B2
:1041200070BD00BF18680006F9D41868400514D4A3
:1041300018680006F3D4186840050ED41868000605
:10414000EDD41868400508D4186800064FF0000048
:1041500048BF70BD18684005E4D56FF480601860F2
:10416000042012E0154603E053F8140F0006D6D4DD
:1041700018684005F1D4FDF761FA401B2368B0428E
:10418000F2D958690006EFD42020002120222163B3
:1041900084F83D2084F83E10226C104320640120F6
:1041A00084F83C1070BD000040F2EC00C2F2000048
:1041B0000021C0E90011C0E902110161704700004F
:1041C00010B52DED0A8B40F2EC0440F2EC10C2F277
:1041D0000004C2F2000094ED02AA90ED001A9FEDD7
:1041E000429A9FED422A21EE091A81EE02BA30EE80
:1041F000200AB6EE001A20EE01CA3AEE0B0A20EEB3
:10420000018AB0EE480A84ED02BA05F0BDF894EDDB
:10421000001A2CEE000A30EE010A84ED000AB0EE1E
:10422000480A05F0BDF99FED321A94ED013A8CEE83
:10423000012A2CEE000A30EE030A84ED010A3BEE5F
:104240004A0AB4EE490AF1EE10FA84ED032A1DDDA4
:104250009FED282A30EE020AB4EE490AF1EE10FA78
:1042600014DD30EE020AB4EE490AF1EE10FA0DDD6B
:1042700030EE020AB4EE490AF1EE10FA06DD30EE35
:10428000020AB4EE490AF1EE10FAE3DC9FED1A2AB5
:10429000B4EE420AF1EE10FA1EDA9FED183A00BFB2
:1042A00030EE030AB4EE420AF1EE10FA14DA30EE00
:1042B000030AB4EE420AF1EE10FA0DDA30EE030A08
:1042C000B4EE420AF1EE10FA06DA30EE030AB4EE6A
:1042D000420AF1EE10FAE3DB80EE010A84ED040AF3
:1042E000BDEC0A8B10BD00BFDB0F4940000034431A
:1042F0000AD7A33CDB0FC9C0DB0F49C0DB0FC940A5
:10430000FEE70000FEE700002DE9F04F81B02DED43
:104310000A8B86B00020002703F018FB40203F21C5
:1043200002220123012403F0F3F940203F21162249
:104330001523009403F08EFC40203F2140220323EC
:10434000009403F087FC40203F216A22152300944B
:1043500003F080FC40F2F8199FED4B9A9FED4BAAB9
:104360009FED4BBA9FED4BCA4FF0FF3BC2F20009E5
:104370004FF6184A4FF0FF380BE000BFE0B2E9B249
:10438000012203F0C7FAAB2F07F10A07A346A8469C
:104390005CD239F8170001EE107AA0F2E93189B247
:1043A000514538BF4FF47A7080B200EE100AB8EE73
:1043B000400A80EE090AB8EE411A21EE0B1A81EE8E
:1043C0000C8A20EE0A0A10EE100A06F00FFD0446D1
:1043D00018EE100A0D4606F009FD41EC180BB0EE80
:1043E000480AF0EE680A04F06BFF51EC100B22460D
:1043F0002B4606F037FA06F063F9B0EE480AF0EE05
:10440000680A064605F068F851EC100B22462B4668
:1044100006F028FA06F054F9C0F13F0006F3060151
:1044200001F140041BF1010180F3060518BF18F1EA
:104430000100A3D05FFA8BF05FFA88F1E2B2EBB231
:104440000126009603F006FC98E700BFB9F8B420F7
:1044500001AC11A12046FBF7A5FF0020002103F0CD
:10446000AFFC4BF6B000C0F6000090E80E0001274C
:104470002046009703F072FE03F0AAFC06B0BDECE4
:104480000A8B01B0BDE8F08F00007A440000704252
:10449000DB0F49400000344325646D6D00000000CF
:1044A00080B503F061FA002003F050FABDE88040C7
:1044B00003F08EBC40F2EC00C2F2000090E80E0067
:1044C00000F1180C8CE80E000121017540F26C70AF
:1044D000C2F200000021016040F27070C2F20000E0
:1044E0000160704710B52DED028B40F2EC04C2F272
:1044F0000004207D002800F05A8194ED000A94ED1C
:10450000011A94ED062A94ED073A72EE400A33EE52
:10451000410A20EE001A20EEA02A32EE011AB1EE76
:10452000C18A9FEDA41AB4EE418AF1EE10FA84ED2F
:10453000098A7DDA0120207540F26C70C2F2000019
:104540000021016094ED020A94ED082A9FED9A1A69
:1045500032EE400AB4EE410AF1EE10FA1EDD9FED94
:10456000972A00BF30EE020AB4EE410AF1EE10FACB
:1045700014DD30EE020AB4EE410AF1EE10FA0DDD60
:1045800030EE020AB4EE410AF1EE10FA06DD30EE2A
:10459000020AB4EE410AF1EE10FAE3DC9FED881A4C
:1045A000B4EE410AF1EE10FA1EDA9FED862A00BF42
:1045B00030EE020AB4EE410AF1EE10FA14DA30EEEF
:1045C000020AB4EE410AF1EE10FA0DDA30EE020AF8
:1045D000B4EE410AF1EE10FA06DA30EE020AB4EE59
:1045E000410AF1EE10FAE3DB9FED7D1AB0EEC02A2E
:1045F000B4EE412AF1EE10FA84ED0A0A40F39080FD
:10460000B0EE041A20EE011ABEEE000AB4EE401A13
:10461000F1EE10FAC0F2C580B6EE000AB4EE401A10
:10462000F1EE10FAC8BFB0EE401AB0EE410AB8E0A1
:104630000220207504F0EEFC94ED022A9FED5E1A34
:1046400030EE420AB4EE410AF1EE10FA1EDD9FEDA3
:104650005B2A00BF30EE020AB4EE410AF1EE10FA16
:1046600014DD30EE020AB4EE410AF1EE10FA0DDD6F
:1046700030EE020AB4EE410AF1EE10FA06DD30EE39
:10468000020AB4EE410AF1EE10FAE3DC9FED4C1A97
:1046900084ED0A0AB4EE410AF1EE10FA20DA9FED39
:1046A000492A00BF30EE020AB4EE410AF1EE10FAD8
:1046B00014DA30EE020AB4EE410AF1EE10FA0DDA25
:1046C00030EE020AB4EE410AF1EE10FA06DA30EEEC
:1046D000020AB4EE410AF1EE10FAE3DB84ED0A0AB5
:1046E0009FED391AB0EEC02AB4EE412AF1EE10FA6D
:1046F0001ADDB0EE041A40F26C7020EE011AB7EE2B
:10470000000AC2F200000021B4EE401A0160F1EE8E
:1047100010FAC8BFB0EE401ABFEE000A3AE000BF80
:104720009FED2D0A3DE000BF9FED293A9FED271A2E
:10473000B4EE438A9FED273A28EE011AB6EE002A1E
:1047400021EE024AF1EE10FAB8BFB0EE441AB4EE10
:10475000431AF1EE10FAC8BFB0EE431A9FED1E3AAD
:10476000B5EE401AF1EE10FAC8BFB0EE413A9FED37
:104770001B1A40F26C7020EE011AC2F20000B4EE77
:10478000421ABEEE000A80ED003AF1EE10FAC8BF00
:10479000B0EE421AB4EE401AF1EE10FAC8BFB0EE15
:1047A000410A40F27070C2F2000080ED000ABDECD8
:1047B000028B10BD8FC2F53CDB0F4940DB0FC9C037
:1047C000DB0F49C0DB0FC940920A863E9A99993F98
:1047D000CDCC4C3E9A99993E00000000CDCC4C3D8A
:1047E000CDCCCC3D002180EC030AC0E90311C0E927
:1047F00005111C30C0EC041A704700000021C0E90C
:104800000311C0E905117047002851D0B5EE401AD8
:10481000F1EE10FADCBF90ED060A704730EE602A28
:1048200090ED054A22EE013A90ED090A33EE043A82
:10483000B4EE403AF1EE10FA80ED032A0ADB90ED77
:104840000A0AB4EE403AF1EE10FAC8BFB0EE403AB0
:10485000B0EE430A90ED043A90ED014A32EE433A4D
:1048600083EE011A90ED003A90ED025A80ED050AB0
:1048700020EE040A23EE023A33EE000A80ED042A09
:1048800025EE011A31EE001A9FED0C0A80ED061A92
:10489000B4EE401AF1EE10FAB8BF70479FED080A67
:1048A000B4EE401AF1EE10FAD8BFB0EE410A7047EC
:1048B0009FED010A704700BF0000000000C079C4EE
:1048C00000C079447047000010B50024C4F202040F
:1048D000204640210122FCF7ABFE07204FF47A71FD
:1048E00001F0CEFF00F0FEF902F028FDFFF75CFCBE
:1048F00040F65801C2F20001012000F0D1FC02F0A4
:10490000FDFD02F0BFF902F0EFF800F0B1FC02F09B
:1049100017FA40F69010C2F200000021FEF780FE68
:10492000204640210022BDE81040FCF781BE000077
:104930007047000040F25C12C2F20002C2E90001BE
:10494000FEF76EBE40F25C11C2F20001D1E9001226
:1049500009684AB1082A05D0042A14BF4022382227
:1049600003E000BF3C2200E03422B42828BFB4207A
:104970004FF4FA63584341F2C263C0F26C13A0FBD8
:10498000030303F5FA70885070470000FDF7DABAA8
:1049900070B592B006AC20463021FBF733FE0025FF
:1049A00043F640000595CDE90355CDE90155009545
:1049B000C4F202000168022641F0805101600068E3
:1049C00000F080500090009847F200000095C4F27B
:1049D0000000016841F4804101600068A82100F4F2
:1049E000804000900098012006904FF4803007909E
:1049F0004FF480000D9004200E90119020460C96EC
:104A0000CDE90F16FDF768FC10B172B6FEE700BFE6
:104A10000F20CDE901064FF4A05004904FF48050D0
:104A2000059001A805210395FDF744FB10B172B66E
:104A3000FEE700BF12B070BD4EF68850CEF2000007
:104A4000016841F4700101607047000040F60010F9
:104A5000C2F20000FEF7ACBB40F64810C2F2000004
:104A6000FEF7A6BB40F62020C2F20000FEF7A0BB76
:104A7000B0B540F6FF3E0568C4F2000E40F2004CAF
:104A80007045C4F2010C25DCB0F1804F2FD040F20C
:104A90000043C4F20003984229D040F60003C4F258
:104AA0000003984223D041F6FF73C4F200039842FA
:104AB00028DC70453ADCB0F1804F5BD040F2004317
:104AC000C4F20003984255D040F60003C4F200033C
:104AD0004EE000BF40F60043C4F20003984206D007
:104AE000604504D00023C4F201039842DBD14B6837
:104AF00025F0700243EA020541F6FF73C4F2000399
:104B00009842D6DD43F6FF73C4F2010398421FDCDE
:104B100042F20003C4F2000398422BD00023C4F2F7
:104B20000103984226D0604524D028E040F6004397
:104B3000C4F2000398421DD041F60003C4F2000302
:104B4000984217D041F60043C4F2000310E000BFC2
:104B500044F20003C4F2010398420BD044F6000370
:104B6000C4F20103984205D044F20043C4F20103A9
:104B7000984204D1CB6825F4407243EA02050A68E2
:104B80008C684B69C46240F480648262644504BFEF
:104B900009690163026825F0800142F004021943AB
:104BA0000260012242610160B0BD0000B0B5044660
:104BB000006804F108030ECB0569194325F440553C
:104BC0002A4302616269E3691143C268194349F2E9
:104BD0000C639A431143C1604169A26921F4407199
:104BE00041F20043114340F48062C4F201039A424F
:104BF000416103D1FDF724FB02E000BFFDF70CFB90
:104C0000E1694FF69C7563681922C0F6FF75B1F52E
:104C1000004FA0FB02011FD15A00DB0FFBF74AFB3C
:104C200048F21F51C5F2EB11A0FB01235A0905F10F
:104C3000805302FB0300322303EBC000A0FB010101
:104C40004FF4F87000EA111000EB0210C1F34211AA
:104C5000084421688860B0BD9A009B0FFBF72AFBCF
:104C600048F21F51C5F2EB11A0FB01235A0902FBC8
:104C70000500322303EB0010A0FB0101F02000EA45
:104C8000511000EB0210C1F3431108442168886001
:104C9000B0BD0000FEE700009FED0E1A9FED0E2A4A
:104CA00030EE600A30EE011AB4EE420A9FED0C2A93
:104CB000F1EE10FAC8BFB0EE410A9FED081AB4EE4B
:104CC000420A30EE011AF1EE10FAB8BFB0EE410A16
:104CD000704700BF0000B4C3000034430000B44379
:104CE000000034C3B0B540F64814C2F200042046B8
:104CF000FDF756FE40F62025C2F200052846FDF7D6
:104D00004FFE20460021FEF7A1F928460421BDE808
:104D1000B040FEF79BB900002DE9F0438BB040F2A4
:104D20001600C2F2000040F264180178C2F20008D6
:104D3000012008F10C026427CDE9002008F11C00D5
:104D400041F00101012201230297FCF739FD98F897
:104D50000C5088F80100E809C5F30014C5F3C0063B
:104D6000C5F38007C5F380198DF82B000DF12700DE
:104D700003A98DF827408DF829608DF828708DF8EB
:104D80002A9000F027F80699002C01F6845008BFFD
:104D900040F6363036B9002F1CBF084400F52570A8
:104DA00004E000BF00EB410000F26450DDE90712AF
:104DB000B9F1000F014418BF01F5257011186AB24E
:104DC000002A48BF01F22620C8F808000BB0BDE851
:104DD000F08300002DE9F04F85B040F2160BC2F2CF
:104DE000000B40F2641704909BF80000C2F2000729
:104DF0000C46012107F10C0507F11C0642F6007A6A
:104E00004FF0640CCDE9005140F0010130465022D2
:104E10000123C0F23A0A4FF00108CDF808C04FF064
:104E20006409FCF7CDFC7870387B022101EB40006F
:104E30009BF80010C0B2208041F0010130464622AC
:104E40000123CDE90058CDF808904FF06409FCF734
:104E5000B7FC7870207844F6D35800FB0AF0397B11
:104E600000F5FA70C1F26208A0FB0802481C910923
:104E7000414301EBD211A1FB0812A08090099BF8DD
:104E80000010E0600220019041F001013046512203
:104E900001230095CDF80890FCF792FC78702178FA
:104EA000387B7A7B01FB0AF101F5FA7102FA00F016
:104EB000A1FB08130130990982B2514301EBD311D0
:104EC000A1FB0812E08090099BF8001020610120EE
:104ED000019041F001013046702201230095CDF888
:104EE0000890FCF76DFC397B0222787002EB4100E0
:104EF0009BF80010C0B26080CDE9005241F0010182
:104F0000304671220123CDF80890FCF759FC397B1B
:104F10007A7B787002FA01F004990130C978208117
:104F200011B1E188401A2081A17842F60072C0F2E6
:104F30003A02514301F5FA71A1FB0812910980B2BE
:104F4000484300EBD210A0FB08018809606105B05E
:104F5000BDE8F08F2DE9F04F85B040F26418C2F241
:104F600000080124454640F21606C2F2000605F884
:104F70000C4F0491317805F1100781464FF0640A17
:104F8000384680220123CDE90054CDF808A0FCF773
:104F900043FD317805F80B0C3846FF2201232C70B5
:104FA000CDE90054CDF808A0FCF736FD317805F8BE
:104FB0000B0C4FF0000B38460022012385F800B09F
:104FC000CDE90054CDF808A0FCF726FD05F80B0C40
:104FD0000620317828703846FF220123CDE900549D
:104FE000CDF808A0FCF718FD317805F80B0C41F05E
:104FF0000101384683220123CDE90054CDF808A0F1
:10500000FCF7DEFB297805F80B0C41F00400317841
:105010002870384683220123CDE90054CDF808A03A
:10502000FCF7FAFC05F80B0C07203178287038469D
:10503000FF220123CDE90054CDF808A0FCF7ECFCD9
:10504000317805F80B0C3846812201232C70CDE90C
:105050000054CDF808A0FCF7DFFC317805F80B0C04
:105060003846802201232C70CDE90054CDF808A0E9
:10507000FCF7D2FC05F80B0C6B2031782870384611
:1050800094220123CDE90054CDF808A0FCF7C4FC1C
:10509000317805F80B0C38468322012385F800B0DF
:1050A000CDE90054CDF808A0FCF7B6FC05F80B0CD0
:1050B000FCF7C4FA317825F8060C41F001013846B6
:1050C00083220123CDE90054CDF808A0FCF778FB3A
:1050D000297805F80B0C002900F0B68008F80C4F71
:1050E000317808F11007384683220123CDE9008486
:1050F000CDF808A0FCF790FC317808F80B0C41F0D3
:105100000101384692220123CDE90084CDF808A0A0
:10511000FCF756FB98F8001008F80B0C01F07F0024
:1051200089F80000C809049981220870317838464E
:10513000012388F800B0CDE90084CDF808A0FCF781
:105140006BFC08F80B0C3178062088F80000384614
:10515000FF220123CDE90084CDF808A0FCF75CFC18
:10516000317808F80B0C41F0010138468322012305
:10517000CDE90084CDF808A0FCF722FB98F80010D8
:1051800008F80B0C01F0FB00317888F80000384675
:1051900083220123CDE90084CDF808A0FCF73CFC74
:1051A000317808F80B0C3846FF22012388F80040BC
:1051B000CDE90084CDF808A0FCF72EFC317808F882
:1051C0000B0C38460022012388F80040CDE900840A
:1051D000CDF808A0FCF720FC317808F80B0C384615
:1051E000FF22012388F800B0CDE90084CDF808A0A3
:1051F000FCF712FC317808F80B0C384680220123AA
:1052000088F800B0CDE90084CDF808A0FCF704FCD4
:1052100008F80B0C204605B0BDE8F08F317808F196
:105220000C00CDE9000408F11C0041F001018322CB
:105230000123CDF808A0FCF7C3FA98F80C1088F801
:10524000010000297FF44AAFB8F804000028E5D037
:10525000FCF7F4F9B8F8061080B2B8F80420401A48
:105260009042DBDD0024204605B0BDE8F08F000051
:1052700010B540F2747040F60014C2F20000002134
:10528000C2F20004C1604162817480F82A10204695
:10529000FDF7DCFE20460421BDE81040FDF7D6BE38
:1052A0002DE9F04F85B040F26417C2F2000707F114
:1052B0001C0B064658465422FBF76AF940F2160AC0
:1052C0000024C2F2000AFC6016B39AF800004FF006
:1052D0006408012507F10C0640F0010158468922B7
:1052E0000123CDE90065CDF80880FCF769FA397B28
:1052F000787041F001009AF80010387358468922FE
:105300000123CDE90065CDF80880FCF785FB7870B6
:105310003D4605F80C4F9AF8001005F110064FF0C5
:1053200064084FF001093046882201230024CDE9AA
:105330000059CDF80880FCF76FFB9AF8001005F8CB
:105340000B0C30468022012385F80090CDE90059EE
:10535000CDF80880FCF760FB9AF8001005F80B0CFC
:105360003046FF22012385F80090CDE90059CDF8A1
:105370000880FF27FCF750FB9AF8001005F80B0C8B
:105380003046002201232C70CDE90059CDF8088069
:10539000FCF742FB9AF8001005F80B0C41F00101F4
:1053A000304691220123CDE90059CDF80880FCF761
:1053B00007FA297805F80B0C05F80A1C9AF8001072
:1053C00030460022012385F80090CDE90059CDF840
:1053D0000880FCF721FB9AF8001005F80B0C30460A
:1053E000FF2201232C70CDE90059CDF80880FCF78D
:1053F00013FB9AF8001005F80B0C304680220123AD
:105400002C70CDE90059CDF80880FCF705FB9AF81F
:10541000001005F80B0C41F0010130466022012319
:10542000CDE90059CDF80880FCF7CAF9297805F8CC
:105430000B0C41F012009AF80010287030466022E0
:105440000123CDE90059CDF80880FCF7E5FA05F80D
:105450000B0C4FF400509AF8001028800220CDE980
:105460000050304644220123CDF80880FCF7D4FADE
:105470009AF8001005F80B0C3046012201232F701A
:10548000CDE90059CDF80880FCF7C6FA05F80B0CF9
:105490000DF113000DF11201FFF75CFD002800F083
:1054A00059869AF80000062103AECDE9006140F06C
:1054B00001015846B0220123CDF80880FCF780F99D
:1054C00040F26417C2F2000707F80C9F9AF8001028
:1054D00007F80B0C5846FF220123CDE90079CDF8DF
:1054E0000880FCF799FA9AF8001007F80B0C0025D1
:1054F00058464F2201233D70CDE90079CDF8088050
:10550000FCF78AFA07F80B0C2C209AF80010387078
:1055100058464E220123CDE90079CDF80880FCF7EA
:105520007BFA9AF8001007F80B0C5846FF2201236B
:105530003D70CDE90079CDF80880FCF76DFA07F8E9
:105540000B0CB4209AF8001038705846B62201238C
:10555000CDE90079CDF80880FCF75EFA07F80B0C6E
:105560009DF812009DF8131000220CE003F00707CD
:10557000DB08F45C09FA07F724EA0707F754063555
:10558000302D00F0CF800028034618BF01230C2DDA
:105590004FF0000738BF01273B420BD1D3B28B42FB
:1055A00008D0EB08F35C05F00607FB4003F00103AD
:1055B0001A4408E0EF0805F00603F45D09FA03F366
:1055C00024EA0303F3550028034618BF01230C2DDA
:1055D0004FF0000738BF01273B4205F101030DD111
:1055E000D7B28F420AD0EF08F75D03F0070327FA1E
:1055F00003F303F001031A4409E000BFEF0803F0CE
:105600000703F45D09FA03F324EA0303F3550028C2
:10561000034618BF01230A2D4FF0000738BF0127AA
:105620003B4205F102030DD1D7B28F420AD0DF0809
:10563000F75D03F0060327FA03F303F001031A44AE
:1056400009E000BF03F00607DB08F45C09FA07F77E
:1056500024EA0707F7540028034618BF0123092D41
:105660004FF0000738BF01273B4205F103030DD17E
:10567000D7B28F420AD0DF08F75D03F0070327FA9D
:1056800003F303F001031A4409E000BF03F0070726
:10569000DB08F45C09FA07F724EA0707F754002847
:1056A000034618BF0123082D4FF0000738BF01271C
:1056B0003B4205F104030DD1D7B28F420AD0DF0877
:1056C000F75D03F0060327FA03F303F001031A441E
:1056D00009E000BF03F00607DB08F45C09FA07F7EE
:1056E00024EA0707F7540028034618BF0123072DB3
:1056F0004FF0000738BF01273B4205F105037FF457
:1057000035AFD7B28F423FF431AFDF08F75D03F01A
:10571000070327FA03F303F001031A440635302D7B
:105720007FF431AF039840F26414C2F2000444F8ED
:105730000C0FBDF810009AF80010A080062004F1AC
:1057400010056426CDE900402846B02201230296C8
:105750000127FCF761F99AF8001004F80B0C2846B1
:10576000FF2201232770CDE9004702964FF0FF0B7F
:10577000FCF752F99AF8001004F80B0C4FF00009EE
:1057800028460022012384F80090CDE900470296C4
:10579000FCF742F99AF8001004F80B0C2846FF2297
:1057A000012384F80090CDE900470296FCF734F914
:1057B0009AF8001004F80B0C28460922012384F8FB
:1057C0000090CDE9004702964FF00908FCF724F954
:1057D0009AF8001004F80B0C28461022012384F8D4
:1057E0000090CDE900470296FCF716F99AF80010F0
:1057F00004F80B0C28461122012384F80090CDE90F
:1058000000470296FCF708F99AF8001004F80B0C10
:105810002846242201232770CDE900470296FCF791
:10582000FBF89AF8001004F80B0C284625220123F7
:1058300084F800B0CDE9004702964FF0250BFCF745
:10584000EBF89AF8001004F80B0C28467522012397
:1058500084F80090CDE900470296FCF7DDF89AF84D
:10586000001004F80B0C2846FF2201232770CDE915
:1058700000470296FCF7D0F804F80B0C2C209AF89D
:105880000010207028464E220123CDE900470296E1
:10589000FCF7C2F89AF8001004F80B0C28464822CE
:1058A000012384F80090CDE900470296FCF7B4F894
:1058B00004F80B0C20209AF80010207028463022A3
:1058C0000123CDE900470296FCF7A6F89AF80010EC
:1058D00004F80B0C2846FF22012384F80090CDE940
:1058E00000470296FCF798F89AF8001004F80B0CA1
:1058F00028463022012384F80080CDE90047029633
:10590000FCF78AF89AF8001004F80B0C2846542289
:10591000012384F80090CDE900470296FCF77CF85B
:1059200004F80B0C04209AF800102070284631224D
:105930000123CDE900470296FCF76EF804F80B0C42
:1059400003209AF800102070284632220123CDE966
:10595000004702964FF03208FCF75EF804F80B0C93
:1059600083209AF800102070284640220123CDE9B8
:1059700000470296FCF750F89AF8001004F80B0C58
:1059800028464622012384F800B0CDE9004702965C
:10599000FCF742F89AF8001004F80B0C2846602235
:1059A000012384F80090CDE900470296FCF734F813
:1059B0009AF8001004F80B0C28462722012384F8DB
:1059C0000090CDE900470296FCF726F804F80B0C8E
:1059D0009AF8001006202070284650220123CDE9B5
:1059E00000470296FCF718F89AF8001004F80B0C20
:1059F00028465122012384F80090CDE90047029601
:105A0000FCF70AF804F80B0C96209AF800102070A6
:105A1000284652220123CDE900470296FBF7FCFFFE
:105A200004F80B0C08209AF8001020702846562223
:105A30000123CDE900470296FBF7EEFF04F80B0CBB
:105A40009AF8001030202070284657220123CDE913
:105A500000470296FBF7E0FF9AF8001004F80B0CE1
:105A600028466122012384F80090CDE90047029680
:105A7000FBF7D2FF9AF8001004F80B0C28466222BC
:105A8000012384F80090CDE900470296FBF7C4FF9C
:105A90009AF8001004F80B0C28466422012384F8BD
:105AA0000090CDE900470296FBF7B6FF9AF8001088
:105AB00004F80B0C28466522012384F80090CDE9F8
:105AC00000470296FBF7A8FF04F80B0CA0209AF8F9
:105AD00000102070284666220123CDE90047029677
:105AE000FBF79AFF9AF8001004F80B0C2846FF22E7
:105AF00001232770CDE900470296FBF78DFF9AF846
:105B0000001004F80B0C28462222012384F80080A0
:105B1000CDE900470296FBF77FFF04F80B0C142039
:105B20009AF800102070284647220123CDE900474B
:105B30000296FBF771FF9AF8001004F80B0C4FF077
:105B4000FF0828464922012384F80080CDE9004758
:105B50000296FBF761FF9AF8001004F80B0C284638
:105B60004A22012384F80090CDE900470296FBF712
:105B700053FF9AF8001004F80B0C2846FF2201236B
:105B800084F80090CDE900470296FBF745FF04F842
:105B90000B0C0A209AF80010207028467A22012364
:105BA000CDE900470296FBF737FF9AF8001004F89A
:105BB0000B0C28467B22012384F80090CDE9004796
:105BC0000296FBF729FF04F80B0C21209AF800102D
:105BD0002070284678220123CDE900470296FBF782
:105BE0001BFF9AF8001004F80B0C2846FF22012333
:105BF0002770CDE900470296FBF70EFF04F80B0C67
:105C000034209AF800102070284623220123CDE981
:105C100000470296FBF700FF9AF8001004F80B0CFF
:105C200028464222012384F80090CDE900470296DD
:105C3000FBF7F2FE9AF8001004F80B0C28464422F9
:105C4000012384F80080CDE900470296FBF7E4FECB
:105C500004F80B0C26209AF80010207028464522E4
:105C60000123CDE900470296FBF7D6FE9AF8001013
:105C700004F80B0C4FF0050B28464622012384F84C
:105C800000B0CDE900470296FBF7C6FE9AF8001077
:105C900004F80B0C4FF0400828464022012384F8FA
:105CA0000080CDE900470296FBF7B6FE04F80B0C26
:105CB0009AF800100620207028460E220123CDE914
:105CC00000470296FBF7A8FE04F80B0C1A209AF87E
:105CD00000102070284620220123CDE900470296BB
:105CE000FBF79AFE9AF8001004F80B0C28464322A2
:105CF000012384F80080CDE900470296FBF78CFE73
:105D00009AF8001004F80B0C2846FF22012384F8AF
:105D10000090CDE900470296FBF77EFE04F80B0CDD
:105D20009AF8001003202070284634220123CDE980
:105D300000470296FBF770FE04F80B0C9AF800106F
:105D4000442020702846352201234FF00008CDE979
:105D500000470296FBF760FE9AF8001004F80B0C5F
:105D60002846FF2201232770CDE900470296FBF762
:105D700053FE9AF8001004F80B0C4FF00409284663
:105D80003122012384F80090CDE900470296FBF709
:105D900043FE04F80B0C9AF80010092020702846E6
:105DA0004B220123CDE900470296FBF735FE9AF816
:105DB000001004F80B0C28464C22012384F800B094
:105DC000CDE900470296FBF727FE9AF8001004F889
:105DD0000B0C28464D22012384F800904FF0040953
:105DE000CDE900470296FBF717FE9AF8001004F879
:105DF0000B0C2846FF22012384F80080CDE90047E0
:105E00000296FBF709FE9AF8001004F80B0C2846DE
:105E10004422012384F80080CDE900470296FBF775
:105E2000FBFD04F80B0C9AF8001020202070284687
:105E300045220123CDE900470296FBF7EDFD04F86A
:105E40000B0C9AF8001008202070284647220123E6
:105E5000CDE900470296FBF7DFFD04F80B0C282084
:105E60009AF800102070284648220123CDE9004707
:105E70000296FBF7D1FD9AF8001004F80B0C2846A7
:105E80006722012384F80080CDE900470296FBF7E2
:105E9000C3FD9AF8001004F80B0C28467022012369
:105EA00084F80090CDE900470296FBF7B5FD9AF81B
:105EB000001004F80B0C2846712201232770CDE94D
:105EC00000470296FBF7A8FD04F80B0CFE209AF899
:105ED00000102070284672220123CDE90047029667
:105EE000FBF79AFD9AF8001004F80B0C284676226E
:105EF000012384F80080CDE900470296FBF78CFD72
:105F00009AF8001004F80B0C28467722012384F835
:105F10000080CDE900470296FBF77EFD9AF800105D
:105F200004F80B0C2846FF2201232770CDE9004717
:105F30000296FBF771FD9AF8001004F80B0C284646
:105F40000D2201232770CDE900470296FBF764FD7F
:105F50009AF8001004F80B0C2846FF22012384F85D
:105F60000080CDE900470296FBF756FD9AF8001035
:105F700004F80B0C2846802201232770CDE9004746
:105F80000296FBF749FD04F80B0CF8209AF8001074
:105F90002070284601220123CDE900470296FBF735
:105FA0003BFD9AF8001004F80B0C2846FF22012351
:105FB0002770CDE900470296FBF72EFD9AF80010F6
:105FC00004F80B0C28468E2201232770CDE90047E8
:105FD0000296FBF721FD9AF8001004F80B0C2846F6
:105FE000002201232770CDE900470296FBF714FD3C
:105FF0009AF8001004F80B0C2846FF22012384F8BD
:106000000080CDE900470296FBF706FD9AF80010E4
:1060100004F80B0C28468022012384F80080CDE987
:1060200000470296FBF7F8FC9AF8001004F80B0CF6
:1060300028460A22012384F80090CDE90047029601
:10604000FBF7EAFC9AF8001004F80B0C41F0010190
:10605000284684220123CDE900470296FBF7B0FBD6
:10606000217804F80B0C01F0EF009AF80010207072
:10607000284684220123CDE900470296FBF7CCFC99
:106080009AF8001004F80B0C28460B220123277005
:10609000CDE900470296FBF7BFFC04F80B0CFEF7B6
:1060A0003BFE44F8040CE8209AF8001020702846C3
:1060B00001220123CDE900470296FBF7ADFC54F81D
:1060C000041C04F80B0C084601F04EFA9AF8001074
:1060D0002846012201232770CDE900470296FBF7ED
:1060E0009BFC04F80B0C402001F0A2F870B340F2C6
:1060F0006415C2F2000502202C469AF8001004F83C
:106100000C0F04F1100001220123CDE90176009467
:10611000FBF782FC04F80B0C00204FF0000801F0A4
:1061200087F898B1E8209AF8001005F80C0F642061
:106130004FF00108029005F11000012201230095A3
:10614000CDF80480FBF768FC05F80B0C404605B061
:10615000BDE8F08F4FF00008404605B0BDE8F08F75
:1061600096B040F20008C4F20208FBF7F9FEFEF711
:106170000FFC002743F630040597CDE90377CDE9FE
:1061800001771297C4F202042068402140F0800099
:1061900020602068002200F0800012901298129770
:1061A0002068402640F001002060206800F00100D7
:1061B000129012981297206840F01000206020681A
:1061C00000F01000129012981297206840F0020020
:1061D0002060206800F00200129012981297206848
:1061E00040F008002060206800F00800129012982B
:1061F0001297206840F004002060206800F004003E
:10620000129012984046FBF713FA08F5805528467D
:106210004FF4A05100224FF4A059FBF709FA019660
:1062200001AE4FF0010A40463146CDE902A704977E
:10623000FBF72EF928463146CDE9019ACDE90377DF
:10624000FBF726F94FF488104FF48055CDE902078B
:1062500008F5806031460195FBF71AF928200221E4
:106260000022FBF7EBFE2820FBF7D6FE0197206803
:10627000002140F4001020602068002200F400108B
:10628000019001980F20FBF7D9FE0F20FBF7C4FE09
:1062900040F6D810A8F5FC31C2F2000040F2E73316
:1062A0001597CDE91377CDE91077CDE90677CDE9DC
:1062B0000477A72280E88600C0E903378761FCF7EE
:1062C00059FA18B172B600BFFEE700BF40F6D81009
:1062D000C2F2000012A91295FCF7B4FB10B172B61D
:1062E000FEE700BF40F6D810C2F20000FDF766F9E5
:1062F00010B172B6FEE700BF40F6D810C2F200003F
:1063000010A9FCF7D9F918B172B600BFFEE700BFBB
:10631000602001900020CDE90200059040F6D810E1
:10632000C2F2000001A90022FDF738F810B172B6E0
:10633000FEE700BF40F6D810C2F2000001A9042217
:10634000FDF72CF810B172B6FEE700BF40F6D8108A
:10635000C2F2000001A90822FDF720F810B172B6C0
:10636000FEE700BF40F6D810C2F2000001A90C22DF
:10637000FDF714F810B172B6FEE700BF40F6D81072
:10638000C2F20000FCF7BCFF40F620200021A8F577
:10639000FA32C2F2000053234FF0FF370491CDE9E7
:1063A0000211CDE91011C0E90023C0E90217016113
:1063B0008161FCF7DFF918B172B600BFFEE700BFDC
:1063C0004FF48050019040F62020C2F2000001A955
:1063D000FCF738FB10B172B6FEE700BF40F6202094
:1063E000C2F20000FCF702FE10B172B6FEE700BF79
:1063F00040F62020C2F2000010A9FCF75DF908B1B8
:1064000072B6FEE700240120CDE9130407201590A1
:1064100040F62020C2F2000012A904221294FCF7D8
:1064200001FD08B172B6FEE741F6802540F658003E
:10643000C0F20605A8F5D431C2F200004FF4804244
:10644000C0E90015C0E90244C0E90424C0E90644DB
:106450000462FBF7FFF808B172B6FEE740F6481099
:106460000021C2F200004FF0804253234FF0FF376B
:106470000491CDE90211CDE91011C0E90023C0E972
:10648000021701618161FCF775F908B172B6FEE788
:106490004FF48050019040F64810C2F2000001A96C
:1064A000FCF7D0FA10B172B6FEE700BF40F6481014
:1064B000C2F20000FCF79AFD10B172B6FEE700BF11
:1064C00040F64810C2F2000010A9FCF7F5F808B138
:1064D00072B6FEE700240120CDE9130407201590D1
:1064E00040F64810C2F2000012A900221294FCF7F4
:1064F00099FC08B172B6FEE740F29007C2F20007BD
:10650000A8F57041384640F8141F4FF4E1310C22D1
:10651000C0E90114C0E90344C0E90524C461FDF7E2
:106520000BF908B172B6FEE740F600100021A8F59D
:106530008032C2F20000A7234FF6FF760491CDE926
:106540000211CDE91011C0E90023C0E90216C0E92B
:1065500004118161FCF70EF910B172B6FEE700BFBD
:106560004FF48050019040F60010C2F2000001A9E3
:10657000FCF768FA10B172B6FEE700BF40F60010F3
:10658000C2F20000FCF732FD10B172B6FEE700BFA8
:1065900040F60010C2F2000010A9FCF78DF808B117
:1065A00072B6FEE7002001211290CDE9131015907C
:1065B00040F60010C2F2000012A90022FCF732FCE3
:1065C00010B172B6FEE700BF0420159040F600102F
:1065D000C2F2000012A90422FCF724FC10B172B62A
:1065E000FEE700BF40F60010C2F2000012A9082228
:1065F000FCF718FC10B172B6FEE700BF40F60010C1
:10660000C2F2000012A90C22FCF70CFC10B172B609
:10661000FEE700BF40F60400A8F5D631C2F2000044
:1066200048F2A06200244FF48043C0F2010280E8E7
:106630001600C0E90343C0E90544C0E90744FBF77D
:1066400009F808B172B6FEE740F69010A8F5FE31E1
:10665000C2F2000044F61F631594CDE91344CDE95E
:106660001044CDE90644CDE90444A72280E8160091
:10667000C0E903348461FCF77DF808B172B6FEE727
:106680004FF48050129040F69010C2F2000012A910
:10669000FCF7D8F910B172B6FEE700BF40F69010D3
:1066A000C2F20000FCF78AFF10B172B6FEE700BF2D
:1066B00040F69010C2F2000010A9FBF7FDFF08B1F0
:1066C00072B6FEE76020019040F690100024C2F2FE
:1066D000000001A90022CDE902440594FCF75EFE0A
:1066E00010B172B6FEE700BF40F69010C2F2000093
:1066F000FCF706FE40F6AC00A8F5D231C2F200006D
:106700004FF48042C0E90015C0E90244C0E9042406
:10671000C0E906440462FAF79DFF08B172B6FEE7CD
:10672000C820FAF7AFFDFDF7BBFE0A20192101F0E2
:1067300047FB4BF6B000C0F6000090E870004FF049
:1067400001093DA021462A463346CDF8009001F0CC
:1067500005FD01F03DFBFEF7B7F800204FF0000803
:1067600001F024FD40F69010C2F200000021FEF777
:10677000E1F80020FEF7E6F8002001F0E7F80A2033
:10678000192101F01DFB30A021462A463346CDF8E1
:10679000009001F0E3FC01F01BFB4FF47A70FAF774
:1067A00071FD40F2F81940F21406C2F2000929A462
:1067B00001ADC2F20006FAF741FFB968401A32286B
:1067C000F9D3FAF73BFFB860002000F0F9FDB7F904
:1067D0000220034628462146B42A98BF29F81230E1
:1067E000F9F7E0FD2846F9F7B4FE07F1140182B28B
:1067F000084629460A23FDF709F8308879880144BC
:1068000008B2B328798003DD4FF6F671B42003E0B7
:10681000002803DC0A2100207880318080B2FEF756
:1068200091F838780130C1B203293870C3D3FDF72D
:106830006BFD87F80080BEE7524144415220494E2B
:1068400049542E2E2E000000524144415220524500
:10685000414459005B52616461725D20476F633A45
:1068600020256420646F202D204B686F616E6720A7
:10687000636163683A202564206D6D0D0A00000095
:1068800070B540F6280540F6D814C4F20005C2F2EF
:10689000000428606960204600210026FCF7C0FE45
:1068A00020460421FCF7BCFE20460821FCF7B8FE78
:1068B00020460C21FCF7B4FE40F21810C2F2000092
:1068C000067040F21910C2F2000006706E61AE61EF
:1068D000EE602E6170BD0000F0B581B02DED028B31
:1068E00040F26C70C2F2000090ED001A40F270703D
:1068F000C2F2000090ED000A9FED782A9FED788AA1
:1069000020EE022A31EE420A32EE011AB0EEC02A1F
:10691000B4EE482A40F6340540F29C0740F2A00647
:10692000C4F20005C2F20007C2F20006F1EE10FA4E
:1069300087ED000A86ED001A0EDA40F66820C2F2F2
:106940000000FDF75BFF40F218110020C2F20001C9
:1069500028606860087031E040F21C10C2F200004C
:1069600040F66824D0ED040AC2F200049FED5D1ADF
:106970002046FDF749FFBDEEC00A10EE100A97ED64
:10698000000A40F29401B5EE400AC2F20001F1EEB5
:1069900010FA088001DD002806D4B5EE400AF1EEB9
:1069A00010FA5DDA00285BDD0020606140F218100B
:1069B000C2F20000002101702960696096ED000AB2
:1069C000B0EEC01AB4EE481AF1EE10FA12DA40F640
:1069D0009420C2F20000FDF711FF40F219110020CF
:1069E000C2F20001A860E8600870BDEC028B01B043
:1069F000F0BD00BF40F23C10C2F2000040F694240B
:106A0000D0ED040AC2F200049FED361A2046FDF7CD
:106A1000FBFEBDEEC00A10EE100A96ED000A40F231
:106A20009601B5EE400AC2F20001F1EE10FA0880BC
:106A300001DD002806D4B5EE400AF1EE10FA1BDAAB
:106A4000002819DD0020606140F21910C2F2000038
:106A500000210170A960E960BDEC028B01B0F0BDBE
:106A6000012819DB40F21811C2F2000101220A705C
:106A7000286000206860A1E701281DDB40F21911A1
:106A8000C2F2000101220A70A8600020E860BDEC9B
:106A9000028B01B0F0BD00BFB0F1FF3F3FF786AF02
:106AA00040F21811C2F20001FF220A700021404298
:106AB0002960686082E700BFB0F1FF3FC4DC40F2AC
:106AC0001911C2F20001FF220A7000214042A960A0
:106AD000E860BDEC028B01B0F0BD00BF9A99993D12
:106AE00017B7D1380AD7A33C2DE9F04F81B02DED6F
:106AF000028B84B09FED588B40F6040800274FF4BA
:106B0000FA644FF00A094FF0020A0DF10E0BC2F2BF
:106B1000000800BF4046D02147220123CDE900BA3A
:106B2000CDF80890FAF74CFEBDF80E10C8BA09BAB5
:106B300007EB214703F0F3FD02460B4603F092FEFC
:106B400053EC182B03F070FB054641EC180B0120A9
:106B50000E46FAF797FB013CDCD100EE107A9FED70
:106B6000441AB8EEC00A80EE018A9FED420A40F254
:106B7000DC18C2F200082846314688EE000A88ED8B
:106B8000020A9FED370B53EC102B03F001FC044677
:106B900018EE100A0D4604F029F902460B4603F0E0
:106BA00061FE02460B462046294604F031F89FED6F
:106BB0002A0B044657EC106B32463B460D4604F058
:106BC00063F900281CBF3D46344645EC104B02F0EB
:106BD000AFFD51EC100B9FED240B53EC102B03F089
:106BE000D7FB03F0EFFA9FED240A01EE100AB4EE92
:106BF000401A40F20800F1EE10FAB8BFB0EE401AA9
:106C0000C2F20000B0EE080A9FED1C2A80ED001AC7
:106C100021EE000A9FED1A1AB4EE420AF1EE10FAC4
:106C2000C8BFB0EE420AB4EE410AF1EE10FAC8BF96
:106C3000B0EE401A80ED011A0020C8F81000C8F824
:106C40000C00C8F8040004B0BDEC028B01B0BDE834
:106C5000F08F00BF00BF00BF000000000000000078
:106C60000000000000409F40000000000060604005
:106C70000000FA44000003438FC2753C9A99193E04
:106C80000AD7A33CF0B585B06420FAF7FBFA0126D9
:106C90000DF11300CDE9000640F604000A25C2F20A
:106CA0000000D021752201230295FAF789FD9DF895
:106CB0001300682842D140F60404C2F200040DF12A
:106CC00012072046D0216B2201238DF81260CDE9F6
:106CD00000760295FAF7A0FE0A20FAF7D3FA092007
:106CE0008DF812002046D02119220123CDE900762B
:106CF0000295FAF791FE03208DF812002046D0216C
:106D00001A220123CDE900760295FAF785FE0020CC
:106D10008DF812002046D0211B220123CDE90076F8
:106D20000295FAF779FE2046D021382201238DF80A
:106D30001260CDE900760295FAF76EFE05B0F0BD5F
:106D4000B0B540F21804C2F200044FF48070002580
:106D50002080A5702575FAF771FC206140F26470FF
:106D6000C2F2000065600560B0BD0000F0B581B002
:106D70002DED048BFAF762FC044601F0DFFA40F2D5
:106D80001805C2F200052878B5EE400AF1EE10FAB7
:106D90001AD0072800F2D580DFE800F0240464440C
:106DA00004B27E9E40F26C70C2F2000000210160CD
:106DB00040F27070C2F20000016040F26470C2F2F2
:106DC000000001600620B8E0072800F2BA80DFE882
:106DD00010F00900610149002900BD00970063001F
:106DE000830000BF40F26C70C2F20000002101601D
:106DF00040F27070C2F2000001602869201AB0F5FC
:106E0000487F40F29E8040F2EC10C2F20000006821
:106E100040F2EC01C2F200012B1DD1E9001207C3C0
:106E20008AE000BF01F060FB01F080FA002800F06A
:106E3000888001F083FA40F2EC00C2F20000D0E951
:106E4000000185ED010AC5E9020140F27070C2F24D
:106E500000000021016040F26470C2F20000016095
:106E600004206AE040F26C70C2F200000021016070
:106E700040F27070C2F2000001602869201AFB28FD
:106E80005FD31E20FAF7FEF96878DAA1012808BF5F
:106E9000043191ED000A1AE040F26C7049F69A1143
:106EA000C2F20000CBF69951016040F27071C2F25B
:106EB000000100220A602B69E31AB3F5167F40D95E
:106EC00002601E200A60FAF7DDF99FEDD80A01F092
:106ED0003DFA032031E000BF40F26C70C2F20000C6
:106EE0000021016040F27070C2F2000001600120D8
:106EF0002875BDEC048B01B0BDE8F040FDF7DABAAF
:106F000001F0F2FA01F012FAD8B101F017FA40F2EA
:106F1000EC00C2F20000D0E9000185ED010AC5E9EC
:106F2000020140F27070C2F200000021016040F2E4
:106F30006470C2F20000016001202870FAF77EFB45
:106F40002861BDEC048B01B0F0BD00BF40F2EC0045
:106F5000C2F2000090ED000A90ED011A95ED022AB0
:106F600095ED033A30EE420A31EE431A21EE011A52
:106F700020EE000A30EE010AB1EEC00A9FED9C1A25
:106F8000B4EE410AF1EE10FA80F20881286941F26C
:106F90006F71201A884200F201819FED982A31EE2C
:106FA000400A80EE021A40F2EC109FED953A9FEDF8
:106FB000958AC2F20000B4EE420A95ED010AD0EDC6
:106FC000000AB0EE489AF1EE10FA31EE031A21EE03
:106FD000081AB8BFB0EE419AFDF75EFE40F2647049
:106FE000C2F200009FED881A90ED002A20EE011AEF
:106FF00031EE021AB2EE0E2AB4EE421AF1EE10FA97
:10700000C8BFB0EE421ABAEE0E2AB4EE421AF1EE42
:1070100010FAC8BFB0EE412A9FED7C1AB4EE489A30
:1070200080ED002AF1EE10FAC8BFB0EE489AB4EE37
:10703000419A40F26C70F1EE10FAC8BFB0EE491AF6
:10704000C2F2000080ED001A9FED711A9FED713AB7
:1070500022EE011A20EE030A9FED6F2A30EE010A9C
:107060009FED6E1AB4EE420A40F27070F1EE10FA23
:10707000C8BFB0EE420AB4EE410AC2F20000F1EE1F
:1070800010FAC8BFB0EE401A80ED001ABDEC048BB8
:1070900001B0F0BD40F2EC10C2F2000095ED010A23
:1070A000D0ED000AFDF7F8FD40F26474C2F200046E
:1070B0009FED551A94ED002A20EE011A31EE021AC6
:1070C000B3EE042AB4EE421AF1EE10FAC8BFB0EEE5
:1070D000421ABBEE042AB4EE421AF1EE10FAC8BF0F
:1070E000B0EE412A9FED4A1A84ED002A22EE011AE1
:1070F0009FED482A40F26C7620EE020A9FED482A66
:1071000049F69A1030EE010A9FED461AC2F20006C7
:10711000C3F61960B4EE420A40F270773060F1EEC7
:1071200010FAC8BFB0EE420AB4EE410AC2F200073C
:10713000F1EE10FAC8BFB0EE401A87ED001A00F069
:10714000D7F940F2EC01C2F2000191ED000A91ED95
:10715000011A95ED022A95ED033A30EE420A31EE1E
:10716000431A21EE011A20EE000A30EE010AB1EEB8
:10717000C00A9FED2D1AB4EE410AF1EE10FA07DCB9
:10718000A978092904D80138B0F5867F3FF6D9AE31
:1071900000203060386020600220CEE640F26C7043
:1071A000C2F200000021016040F27070C2F20000E3
:1071B000016040F26470AA78C2F200000160501CC5
:1071C000C1B20A29A87001D30720B6E61E20FAF73B
:1071D00059F8687807A1012808BF043191ED000A29
:1071E00001F0B4F86878404268700520A5E600BF59
:1071F0009A99993E0000B4420000B4C20AD7A33D58
:10720000CDCC4C3E9A99193E0AD7A33C0AD7233DD0
:107210006F12033B8FC2F53C3333B33E3333B3BEFF
:10722000CDCCCC3ECDCCCCBE333333400000B442C9
:107230002DE9F04784B040F26416C2F2000640F037
:107240000100374640F2160AC2F2000A07F80C0F96
:107250009AF8001007F110054FF064080124284641
:1072600000220123CDE90074CDF808804FF0000919
:10727000FAF7D2FB07F80B0CFAF7E0F99AF80010CE
:1072800027F8060C41F00101284613220123CDE91D
:107290000074CDF80880FAF793FA397807F80B0CE8
:1072A000490723D006F80C4F9AF8001006F1100594
:1072B00028460B220123CDE90064CDF80880FAF7B7
:1072C000ABFB9AF8001006F80B0C284600220123AD
:1072D00086F80090CDE90064CDF80880FAF79CFBB1
:1072E00006F80B0C204604B0BDE8F08706F10C0749
:1072F00006F11C0511E000BF9AF80000132240F0CF
:10730000010128460123CDE90074CDF80880FAF781
:1073100057FA317B70704907C4D1B0880028EBD090
:10732000FAF78CF9F18880B2B288401A9042E3DD16
:107330000024204604B0BDE8F087000080B52DEDA4
:107340000A8B9FED1B8A9FED1B9A9FED1BBA9FED49
:107350001BCA40F66820B7EE00AAC2F20000B0EEE9
:10736000480AF0EE490AB0EE4A1AF0EE4B1AB0EEB7
:107370004C2AF0EE4B2AB0EE4C3AFDF733FA40F6C9
:107380009420C2F20000B0EE480AF0EE490AB0EED6
:107390004A1AF0EE4B1AB0EE4C2AF0EE4B2AB0EE41
:1073A0004C3ABDEC0A8BBDE88040FDF71BBA00BF2C
:1073B00000409C440000AF4300C079C400C0794441
:1073C0002DE9F04786B08046FAF738F940F2160901
:1073D000C2F2000940F2641699F80010C2F20006E9
:1073E0004FF0640A012706F10C0406F11C0541F078
:1073F0000101F080CDE9004706E000BF99F80000E8
:10740000CDE9004740F00101284613220123CDF8C1
:1074100008A0FAF7D5F9317B7070490712D1B0880E
:107420000028EBD0FAF70AF9F18880B2B288401A46
:107430009042E3DD012030704FF6FF75284606B01C
:10744000BDE8F08799F80000B8F1000F40F00101A5
:107450004FF0640728D00C2003AACDE9002028466D
:10746000142201230297FAF7ABF99DF80C10BDF82E
:107470000E20C90888F8081011BABDF81220090CAE
:10748000A8F8061011BABDF81420090CA8F80210CB
:1074900011BABDF81620090CA8F8041011BA0D0C89
:1074A000A8F800500CE000BF0220CDE900402846BB
:1074B0001E2201230297FAF783F9B18909BA0D0C4C
:1074C000012206F80C2F99F8001006F80B0C642026
:1074D000CDE9012006F110000B2201230096FAF7F6
:1074E0009BFA06F80B0C284606B0BDE8F0870000B2
:1074F00040F6C020C2F20000008E704740F6C02067
:1075000042F20F71C2F20000C2F20F71C0E9031122
:10751000C0E90511C0E90711C0E90911C0E90B1163
:10752000C0E90D11C0E90F11C0E91111C0E9131133
:1075300042F20F71A0F854104FF48071018047F6A9
:107540003C01A0F803103C218170002180F8561006
:10755000816540F69010C2F20000016840F2DC52F2
:1075600032204A63F9F78EBE2DE9F04F8BB0814689
:1075700044F62060814503D200200BB0BDE8F08FB7
:1075800040F21608C2F2000840F2641A98F800109F
:10759000C2F2000A01200AF10C026427CDE90020A2
:1075A0000AF11C0041F00101012201230297FAF7C0
:1075B00007F99AF80C608AF80100F009C6F3001583
:1075C000C6F3C007C6F38004C6F3801B8DF82B00FA
:1075D0000DF1270003A98DF827508DF829708DF83B
:1075E00028408DF82AB0FDF7F5FB0699002D01F62D
:1075F000363008BF40F6E800002F4FD1002C1CBFEA
:10760000084400F5257071B2B1F1FF3F4EDC0799D7
:10761000BBF1000F014418BF01F5257000F22620D0
:107620008145A9D39DF80E1043F62F2251434FF404
:10763000FA7202EB012144F6D352C1F26202A9EBC5
:1076400000004FF47A73A1FB02125843910900EB3A
:10765000D210B0FBF1F0BDF81210BBF1000F18BF53
:107660000844010426D081B24FF0FF32B1F5807F8B
:1076700012FA80F04FF000012ED900BFB0F5007F64
:107680001CD3B0F5806F1DD3B0F5006F1ED3020977
:107690000431B0F5805F1046F0D21AE000EB4100F3
:1076A00000F2645071B2B1F1FF3FB0DD01200BB0C8
:1076B000BDE8F08F0020002110E000BF420841F03B
:1076C000010106E0820841F0020102E0C20841F037
:1076D000030188B2010210460144090A0AF80C1F8E
:1076E00098F800108AF8010064200222CDE900A277
:1076F00002900AF1100071220123FAF78DF9014678
:1077000001200AF80B1C4AF8049C0BB0BDE8F08F6E
:107710002DE9F04F83B0029343B2002B00F1F680C5
:107720003F2900F2F3800223A3EB420952424FF0BB
:1077300001080026CDE900100DE000BF4F46531CA4
:107740009145C8BF1A4607EB4303C8BF5F1C012A17
:10775000B94680F2DB80871A4FFA87FE8D195FFAEF
:1077600087FABEF1000F5FFA85FC25D4BCF13F0F0C
:1077700022D805F007040121029B01FA04F80CF05D
:10778000380440F26431012B4AEA0414C2F20001C9
:1077900034D10D5D45EA08050D55841865B25FFAD0
:1077A00084FB002D4FF0000448BF012443D4BCF1FA
:1077B0003F0F16D93FE000BF841867B25FFA84FB21
:1077C000002F4FF0000448BF012437D4BCF13F0F15
:1077D00034D8029B05F007050120012B00FA05F8BB
:1077E0001DD10CF0380740F264304BEA0717C2F2A3
:1077F0000000C55D45EA08051CE000BF0D5D25EAF7
:1078000008050D55841865B25FFA84FB002D4FF012
:10781000000448BF01240ED4BCF13F0F0BD80CF07C
:10782000380740F264304BEA0717C2F20000C55D2A
:1078300025EA0805C55500994FF001088F1BFDB2D8
:10784000E4B93F2D1AD8029B07F00707012B08FA6D
:1078500007F42DD14FF4607000EA051740F2643050
:1078600047EA0B03C2F20000C55CBEF1000F45EA17
:107870000405C554019812D537E000BF0198BEF148
:10788000000F32D43F2D30D807F00703029F08FACB
:1078900003F4012F1ED14FF4607303EA051740F281
:1078A000643547EA0A03C2F20005EF5C27431BE098
:1078B00005F0380740F264304BEA0717C2F20000C7
:1078C000C35DBEF1000F23EA0403C35501980CD435
:1078D0003F2D0AD805F0380340F264354AEA031315
:1078E000C2F20005EF5CA743EF54B1453FF726AF66
:1078F000013609EB4603D64203F101077FF41FAFBF
:1079000091454FF00003D8BF994618E703B0BDE892
:10791000F08F000043B2002B48BF70473F2914D8B6
:1079200001F0070301F038014FF0010C40EA0110AB
:1079300040F26431012A0CFA03F2C2F200010B5C3E
:1079400014BF23EA02021A430A54704780B5024664
:10795000002840F26430C2F200004FF4806118BF8A
:10796000FF22F8F747FE80BD2DE9F04784B0642080
:10797000F9F788FC40F6580440F2D418AE20C2F261
:107980000004C2F200084FF000098DF80F004FF01C
:10799000FF3701250DF10F06204678210022012333
:1079A00088F80090CDE900650297FAF735F84FF0B6
:1079B000200A20467821002201238DF80FA0CDE96E
:1079C00000650297FAF728F8204678210022012363
:1079D0008DF80F90CDE900650297FAF71DF8B020F9
:1079E0008DF80F002046782100220123CDE90065A3
:1079F0000297FAF711F8C8208DF80F002046782179
:107A000000220123CDE900650297FAF705F8204628
:107A10007821002201238DF80F90CDE900650297AF
:107A2000F9F7FAFF10208DF80F0020467821002288
:107A30000123CDE900650297F9F7EEFF40208DF8AC
:107A40000F002046782100220123CDE9006502972E
:107A5000F9F7E2FF81208DF80F00204678210022FF
:107A60000123CDE900650297F9F7D6FFFF208DF8D5
:107A70000F002046782100220123CDE900650297FE
:107A8000F9F7CAFFA1208DF80F00204678210022C7
:107A90000123CDE900650297F9F7BEFFA6208DF816
:107AA0000F002046782100220123CDE900650297CE
:107AB000F9F7B2FFA8208DF80F00204678210022A8
:107AC0000123CDE900650297F9F7A6FF3F208DF865
:107AD0000F002046782100220123CDE9006502979E
:107AE000F9F79AFFA4208DF80F0020467821002294
:107AF0000123CDE900650297F9F78EFFD3208DF8B9
:107B00000F002046782100220123CDE9006502976D
:107B1000F9F782FF20467821002201238DF80F908B
:107B2000CDE900650297F9F777FFD5208DF80F00B2
:107B30002046782100220123CDE900650297F9F75C
:107B40006BFFF0208DF80F002046782100220123E2
:107B5000CDE900650297F9F75FFFD9208DF80F0096
:107B60002046782100220123CDE900650297F9F72C
:107B700053FF22208DF80F00204678210022012398
:107B8000CDE900650297F9F747FFDA208DF80F007D
:107B90002046782100220123CDE900650297F9F7FC
:107BA0003BFF12208DF80F00204678210022012390
:107BB000CDE900650297F9F72FFFDB208DF80F0064
:107BC0002046782100220123CDE900650297F9F7CC
:107BD00023FF20467821002201238DF80FA0CDE954
:107BE00000650297F9F718FF8D208DF80F002046E9
:107BF000782100220123CDE900650297F9F70CFFF7
:107C000014208DF80F002046782100220123CDE9B1
:107C100000650297F9F700FFAF208DF80F002046AE
:107C200078210022012388F80050CDE900650297F1
:107C3000F9F7F2FE40F26430C2F200004FF48061C6
:107C4000F8F7E0FC00F0C4F8C8F8029004B0BDE812
:107C5000F0870000B2EB000C48BFCCF1000C2DE91E
:107C6000F04F81B0B3EB010E48BFCEF1000E82425F
:107C70004FF0FF3B56B2DDF828804FF0FF3A88BF47
:107C80004FF0010B8B4288BF4FF0010A002EACEB86
:107C90000E0600932AD43F2B28D803F007074FF095
:107CA0000109B8F1010F09FA07F903F0380713D1F8
:107CB00040F2643842EA0714C2F2000818F804706F
:107CC000904247EA090708F8047008BF994273D048
:107CD000CEF1000914E000BF40F2643442EA071517
:107CE000C2F20004675D27EA09076755904208BFA2
:107CF000994261D0B8F1010FCEF100092ED100BF39
:107D0000CCB23F2C16D844B2002C13D4C4B201F02C
:107D1000380844EA081440F26438C2F2000801F05E
:107D2000070518F80470012303FA05F5009B3D438D
:107D300008F80450B9EB460F3446BCBFA4EB0E0460
:107D40005844C5B2BCEB460FC4BF5144644495428D
:107D50002646D5D1CCB29C42D2D12DE040F264343B
:107D6000C2F20004CDB23F2D13D845B2002D10D47D
:107D7000C3B201F0380743EA071801F0070514F809
:107D80000870012303FA05F5009B27EA050504F8AE
:107D90000850B9EB460F3746BCBFA7EB0E07584457
:107DA000C5B2BCEB460FC4BF5144674495423E4642
:107DB000D8D1CDB29D42D5D101B0BDE8F08F000041
:107DC00040F2D412C2F2000250809180704700004D
:107DD0002DE9F04F85B040F6580440F264384FF07A
:107DE000FF360127C2F200040DF1130BC2F20008A6
:107DF0004FF080094FF0000A4AF0B0008DF81100F2
:107E00000DF11100CDE90007204678210022012361
:107E10000296F9F701FE00208DF812000DF1120014
:107E2000CDE9000720467821002201230296F9F7C8
:107E3000F3FD10208DF81300204678210022012345
:107E4000CDE900B70296F9F7E7FD08EBCA15204621
:107E5000782140220123CDE90059F9F78BFE00BFBC
:107E60002046F9F7F3FB2028FAD10AF1010ABAF10A
:107E7000080FC1D105B0BDE8F08F00002DE9F04F2B
:107E800089B0A0F17F0717F15F0F14D3002B0EBF4D
:107E9000CFB2034413F8207C40F2D413C2F20003A3
:107EA0005C88E619802E06D89D880B0A55FA83F166
:107EB0004029089504D9002009B0BDE8F08F00BF23
:107EC0000390D8B2002801960597079000F03C81F6
:107ED0000598002800F03881039840F2643AA0F138
:107EE000200107980027414302EB410004900598C8
:107EF000C2F2000A00F0030100F0FC02601C0290D4
:107F0000A01C0691009008E003EA0C000AF80100AA
:107F100007980137874200F0178108983918CBB2CB
:107F20003F2BF5D8049801F0070330F817B0012073
:107F300000FA03F9059889F0FF0C04284FF46070EB
:107F400000EA01184FF0000E22D206980028DFD078
:107F50000BFA0EF10EEB04000D04C3B24FEA0065FC
:107F600040F19A80002D00F1A58043EA08031298A1
:107F70001AF80350012840F0998045EA090097E07B
:107F800003EA0C000AF801000EF1040E7245DCD081
:107F90000BFA0EF104EB0E030E04DDB24FEA03669A
:107FA0000CD5002E17D445EA080512981AF805607A
:107FB00001280CD146EA09060BE000BF002E0AD4C6
:107FC00045EA080512981AF805600028F2D006EA7A
:107FD0000C060AF805605E1CF5B248044FEA066616
:107FE0000CD5002E17D445EA080512981AF805603A
:107FF00001280CD146EA09000BE000BF002E0AD48C
:1080000045EA080512981AF805600028F2D006EA39
:108010000C000AF80500981C8E04C5B24FEA0066F1
:108020000CD5002E17D445EA080512981AF80560F9
:1080300001280CD146EA09000BE000BF002E0AD44B
:1080400045EA080512981AF805600028F2D006EAF9
:108050000C000AF80500D81CC904C3B24FEA00613D
:108060000CD500293FF590AF43EA080112981AF8A1
:10807000013001287FF484AF0BE000BF00293FF5F9
:1080800083AF43EA080112981AF8013000287FF400
:1080900077AF43EA090075E7002D0BD443EA0803E4
:1080A00012981AF8035000283FF467AF05EA0C0055
:1080B0000AF80300069801283FF42AAF02984D04FD
:1080C0007044C3B24FEA00650CD5002D17D443EAC3
:1080D000080312981AF8035001280CD145EA090048
:1080E0000BE000BF002D0AD443EA080312981AF8E7
:1080F00003500028F2D005EA0C000AF803000698A5
:1081000002283FF405AF009889047044C3B24FEAD7
:1081100000610BD500293FF5FBAE43EA0801129838
:108120001AF8013001287FF4EFAE0AE000293FF58C
:10813000EFAE43EA080112981AF8013000287FF4E4
:10814000E3AE43EA0900E1E640F2D4100199C2F23D
:1081500000004180039809B0BDE8F08F2DE9F0419F
:1081600082B01C460378DBB1DDF8208015460E4650
:10817000471C00BFD8B231462A462346CDF80080BE
:10818000FFF77CFE17F8011C884204D117F8013B69
:10819000002BEFD10021084602B0BDE8F08100BFFE
:1081A0000021084602B0BDE8F08100002DE9F04F43
:1081B00083B040F26414C2F200044FF00108264676
:1081C00040F2160AC2F2000A06F80C8F9AF8001064
:1081D00006F1100507464FF0640928468022012366
:1081E000CDE90068CDF80890F9F716FC9AF8001070
:1081F00006F80B0C2846FF22012386F80080CDE903
:108200000068CDF80890F9F707FC9AF8001006F816
:108210000B0C4FF0000B28460022012386F800B01B
:10822000CDE90068CDF80890F9F7F6FB06F80B0CDD
:1082300016F80A0C9AF80010307028469122012393
:10824000CDE90068CDF80890F9F7E6FB9AF8001040
:1082500006F80B0C28460022012386F80080CDE9A1
:108260000068CDF80890F9F7D7FB9AF8001006F8E7
:108270000B0C2846FF22012386F800B0CDE90068E8
:10828000CDF80890F9F7C8FB9AF8001006F80B0C27
:1082900028468022012386F800B0CDE90068CDF899
:1082A0000890F9F7B9FB06F80B0C4FF0020657B32C
:1082B0009AF8000004F11C0504F10C0B40F00101D8
:1082C0002846F8220123CDE900B6CDF80890F9F749
:1082D00077FAA189607008BA010C01294FF00101F9
:1082E00088BF010C07FB01F000BA9AF80010E060AB
:1082F0000426284604220123CDE900B6CDF80890D3
:10830000F9F78AFB60709AF8001004F80C6F04F11A
:10831000100000220123CDE901890094F9F77CFBCC
:1083200004F80B0C03B0BDE8F08F000040F62030DD
:10833000C2F2000090F824007047000040F62030A0
:10834000C2F2000090ED040A704700009FED621A2F
:10835000B4EE410AF1EE10FA1EDD9FED602A00BF77
:1083600030EE020AB4EE410AF1EE10FA14DD30EEFE
:10837000020AB4EE410AF1EE10FA0DDD30EE020A07
:10838000B4EE410AF1EE10FA06DD30EE020AB4EE68
:10839000410AF1EE10FAE3DCB0B59FED512AB4EEDC
:1083A000420AF1EE10FA57DD40F2EC10C2F2000082
:1083B00090ED003A30EE033AB4EE413AF1EE10FAA5
:1083C0001EDD9FED464A00BF33EE043AB4EE413A5B
:1083D000F1EE10FA14DD33EE043AB4EE413AF1EE68
:1083E00010FA0DDD33EE043AB4EE413AF1EE10FA34
:1083F00006DD33EE043AB4EE413AF1EE10FAE3DC76
:10840000B4EE423AF1EE10FA46DD40F62034C2F204
:1084100000044FF0FF30B5EE400A002584ED013A2C
:1084200084ED020A84ED030AF1EE10FAA8BF0120E0
:1084300020766561A584F9F701F9C4E907050120F3
:10844000207040F26C70C2F20000056040F2707063
:10845000C2F200000560B0BD9FED223A30EE030A83
:10846000B4EE420AF1EE10FA9EDC30EE030AB4EEEE
:10847000420AF1EE10FA97DC30EE030AB4EE420A3B
:10848000F1EE10FA90DC30EE030AB4EE420AF1EE9F
:1084900010FAE3DD88E700BF9FED121A33EE013AD0
:1084A000B4EE423AF1EE10FAAFDC33EE013AB4EE3C
:1084B000423AF1EE10FAA8DC33EE013AB4EE423A59
:1084C000F1EE10FAA1DC33EE013AB4EE423AF1EEED
:1084D00010FAE3DD99E700BF000034430000B4C3A5
:1084E000000034C30000B44310B540F62034C2F29B
:1084F00000042078062807D8012101FA00F010F0C6
:10850000610F01D010BD00BFF9F798F8E16940F69E
:10851000C512411A914211D340F26C70C2F20000B0
:108520000021016040F27070C2F20000016006207C
:10853000207040F20110A08410BD00BF40F2EC1E7C
:10854000C2F2000E94ED010A9EED002A9FEDAB1AD7
:1085500030EE420AB4EE410AF1EE10FA1EDD9FED54
:10856000A82A00BF30EE020AB4EE410AF1EE10FA7A
:1085700014DD30EE020AB4EE410AF1EE10FA0DDD20
:1085800030EE020AB4EE410AF1EE10FA06DD30EEEA
:10859000020AB4EE410AF1EE10FAE3DC9FED991AFB
:1085A000B4EE410AF1EE10FA4CDD237894ED031A93
:1085B000013B032B84ED020A84ED030AA2D8DFE815
:1085C00003F00399617B00BF94F91800B0EE042A10
:1085D00001EE100AB8EEC11A94ED053A21EE021A26
:1085E00031EE431AB6EE042AB4EE421AF1EE10FA56
:1085F000C8BFB0EE421ABEEE042AB4EE421AF1EE43
:1086000010FAB8BFB0EE421A40F26C7033EE011AA5
:10861000C2F20000002284ED051A026040F2707080
:10862000C2F200004F2980ED001A41D8B0EEC00A16
:10863000B3EE021AB4EE410AF1EE10FABFF662AFE1
:1086400036E000BF9FED702A30EE020AB4EE410A18
:10865000F1EE10FAA9DC30EE020AB4EE410AF1EEB6
:1086600010FAA2DC30EE020AB4EE410AF1EE10FA82
:108670009BDC30EE020AB4EE410AF1EE10FAE3DDC3
:1086800093E700BF40F26C71C2F200010022B0EE2D
:10869000C00AB0EE081A0A6040F27071B4EE410AE6
:1086A000C2F20001F1EE10FA0A60626140F39C80B0
:1086B0000220207010BD00BF40F26C7C40F270714F
:1086C000C2F2000C0023C2F20001CCF800300B60B3
:1086D000226A801A282838BF10BDDEF80000206109
:1086E0000520CCF800300B602070012084F82400B5
:1086F00010BD00BF9FED452A30EE411A81EE021AEF
:10870000B0EEC02AB3EE023A82EE034A9FED405A21
:108710009FED406A002120EE060A41A221EE051AD3
:108720009FED3D5A30EE010AB4EE454AF1EE10FAE3
:10873000B7EE001AB4EE432AB8BFB0EE454AF1EEE8
:1087400010FAB8BFB0EE441A20EE010AB0EEC01A1B
:10875000B0EE043AB8EE044AB5EE400AF1EE10FA73
:10876000C8BFB0EE434AB4EE431A9FED2C3AF1EE87
:1087700010FAB4EE431AC8BFB0EE440AF1EE10FA94
:10878000B5EE400AC8BF0121F1EE10FAC8BF0432AD
:1087900092ED003AB0EE404AC90718BFB0EE434A26
:1087A0009FED213A40F26C720021B4EE431AC2F2FE
:1087B0000002B7EE081AF1EE10FAB8BFB0EE440AA4
:1087C00084ED050A116040F27071B4EE412AC2F2E4
:1087D0000001F1EE10FA81ED000ABFF693AE2062BF
:1087E0000320207010BD00BF216A411A3229FFF416
:1087F00089AE20620420207010BD00BF0000344309
:108800000000B4C3000034C30000B4430AD7A33C43
:108810006F12833BBD52163DA69B443D6F12833AB7
:108820008FC2F5BD8FC2F53D8FC2F53D5FEA400CAA
:1088300008BF91F0000F4FEA8C234FEAC12243EAB0
:1088400051514FEA1C5018BF00F5F0404FEA30007C
:1088500018BF41F000415FEA6C5C00F02980BCF178
:10886000FF3F08BF40F080407047130C06BF120462
:108870004FF0100C4FF0000C130E04BF12020CF15D
:10888000080C130F04BF12010CF1040C930F04BF6A
:1088900092000CF1020CD30F04BF52000CF1010C3A
:1088A00011464FF00002A0F11F00A0EB0C00704732
:1088B00011F0004F08BF704731F000413FF4D5AFD1
:1088C0000B0C06BF09044FF0100C4FF0000C0B0E00
:1088D00004BF09020CF1080C0B0F04BF09010CF1D5
:1088E000040C8B0F04BF89000CF1020CCB0F04BFEA
:1088F00049000CF1010CCCF1200322FA03F341EA08
:10890000030102FA0CF2A0EB0C0000F10100704729
:1089100023F07F4720F07F4C80EA030000F0004006
:10892000ACEB070303F57C5303F1FF032DE980490A
:1089300009B44FEA144324EA03484FEA154B25EAE9
:108940000B4E0FF2042606EB13273E7803FB066757
:10895000C7F5000707FB06F64FEAD64606F1020602
:108960004FEA543707FB066CCCF1005C4FEA1C471A
:108970002CEA074C0CFB06F507FB06F404EB154646
:108980004FEA961649085FEA320234BF00204FF0E2
:1089900000404FEAD13706FB07FC4FEA1C4C0CFBAA
:1089A0000BF7D21B03FB0CF761EB07010CFB0EF777
:1089B000B0EB074072EB17420CFB08F734BFA2EB99
:1089C0000742B2EB074261EB17414FEA0C444FEA12
:1089D000910706FB07FC4FEA1C4C0CFB0BF7B0EBB6
:1089E000C74072EB573203FB0CF734BFA2EBC74210
:1089F000B2EBC74261EB57310CFB0EF7B0EBC7008F
:108A000072EB57720CFB08F734BFA2EBC702B2EB54
:108A1000C70261EB57714FEA816141EA92114FEA57
:108A2000826242EA90124FEA806004EBCC04039F1A
:108A30004FEAD13706FB07FC4FEA1C4C0CFB0BF747
:108A4000D21B03FB0CF761EB07010CFB0EF7B0EB3D
:108A5000074072EB17420CFB08F734BFA2EB07424A
:108A6000B2EB074261EB17414FEA8C5504EB9C24B3
:108A70004FEA910706FB07FC4FEA1C4C0CFB0BF777
:108A8000B0EBC74072EB573203FB0CF734BFA2EBDD
:108A9000C742B2EBC74261EB57310CFB0EF7B0EBAC
:108AA000C70072EB57720CFB08F734BFA2EBC7028A
:108AB000B2EBC70261EB57714FEA816141EA921153
:108AC0004FEA826242EA90124FEA806015EB4C2531
:108AD00044F100044FEAD13706FB07FC4FEA1C4C77
:108AE0000CFB0BF7D21B03FB0CF761EB07010CFB34
:108AF0000EF7B0EB074072EB17420CFB08F734BFE0
:108B0000A2EB0742B2EB074261EB17414FEA81311A
:108B100041EA92414FEA823242EA90424FEA803083
:108B20004FEA0C7615EB1C1544F1000448EA0343A8
:108B30004EEA0B484FF0000EB2EB080C71EB030746
:108B400024BF624639464EEB0E0E4FF0000B001864
:108B5000524149414BEB0B0BB2EB080C71EB030795
:108B60007BF1000B24BF624639464EEB0E0E4FF0F0
:108B7000000B0018524149414BEB0B0BB2EB080CB8
:108B800071EB03077BF1000B24BF624639464EEBC5
:108B90000E0E51EA020718BF46F0010616EB0E76DC
:108BA00055F1000254F1000103D5BDE88901BDE88B
:108BB0000088BDE88901BDE80048B619524141EB83
:108BC0000101A3F10103704780807F7E7D7C7B7A69
:108BD0007978777676757473727171706F6E6E6D69
:108BE0006C6C6B6A6A69686867666665646463630F
:108BF00062616160605F5F5E5E5D5D5C5C5B5B5A95
:108C00005A59595858575756565555555454535301
:108C100052525251515050504F4F4F4E4E4D4D4D5C
:108C20004C4C4C4B4B4B4A4A4A49494948484847A7
:108C300047474746464645454544444444434343E5
:108C400043424242424141419C46002B30D477008E
:108C50002BD04FEA37071CB503B44FF010004FF08C
:108C60001001BAF1000F06D0BCF1000FDCBF40F0DC
:108C7000080040F008014FF000000FBCBDE81040B4
:108C80000BF1010BBBF1010F08BF5FEA170722BF11
:108C900012F1010211F101014FF0004143F1000313
:108CA00000F0004043EA00007047F9D35708D0E7CE
:108CB00046EA06464FEA164613F1400F1FDD13F150
:108CC000200FDFBF16430A46002120335B42BED08F
:108CD000C3F1200746EA06464FEA164602FA07F7AE
:108CE00046EA070622FA03F2C3F1200701FA07F762
:108CF00042EA070221FA03F14FF00003A7E746EA30
:108D0000020646EA06464FEA164646EA0106BCBF98
:108D100046EA0646360C4FF000034FF000024FF0D3
:108D2000000194E72DE9804C70B49A46934691E88F
:108D3000380007C831EA400C48BF34EA430C03D579
:108D4000FFF7E6FDFFF780FFF0BCBDE8008C2DE9E2
:108D5000804C70B49A46934691E8380007C810F0EA
:108D6000804F08BF13F0804F03D100F005F8FFF7E4
:108D70006BFFF0BCBDE8008C20F07F4723F07F4CF8
:108D800080EA030000F0004007EB0C03A3F57C53DE
:108D9000A3F1FE0392F0000F00F0B38095F0000FF6
:108DA00000F077802DE901494FEA114021EA00489F
:108DB0004FEA144624EA064700FB06FC08FB06F6C9
:108DC00007FB08F818EB06484CEB164C00FB07F7BE
:108DD00018EB07484CEB17404FEA124B22EA0B4EB8
:108DE0004FEA154625EA06470BFB06FC0EFB06F686
:108DF00007FB0EFE1EEB064E4CEB164C0BFB07F76B
:108E00001EEB074E4CEB174B18EB0B0840F1000024
:108E100018EB0E0B58EB000840F100008F1A4FF0D2
:108E200000014FF000063CBFC943661B14BFB5EB01
:108E3000040C00213CBFC943F61B4FEA174427EA44
:108E400004454FEA1C472CEA074C04FB076205FB6C
:108E500007F70CFB05F616EB074642EB174204FB3F
:108E60000CFC16EB0C4642EB1C421BEB060658EBC7
:108E7000020241414EEA8E0E46EA9E0601D5BDE849
:108E80000189B619524141EB0101A3F10103BDE88B
:108E900001894FEA144524EA05464FEA114721EAC1
:108EA000074C05FB07F406FB07F70CFB06F111EB7B
:108EB000074144EB174405FB0CFC11EB0C4144EB60
:108EC0001C444FEA124722EA074C05FB07F206FB57
:108ED00007F70CFB06F616EB074642EB174205FBBD
:108EE0000CFC16EB0C4642EB1C456A1854F10001D1
:108EF00048BF7047B619524141EB0101A3F101038C
:108F0000704795F0000F37D04FEA114221EA024630
:108F10004FEA144724EA074C02FB07F106FB07F768
:108F20000CFB06F414EB074441EB174102FB0CFC6D
:108F300014EB0C4441EB1C414FEA154725EA074C62
:108F400002FB07F506FB07F70CFB06F616EB0746D8
:108F500045EB174502FB0CFC16EB0C4645EB1C429F
:108F6000121951F1000148BF7047B619524141EB47
:108F70000101A3F1010370474FEA144524EA0546B5
:108F80004FEA114721EA074C05FB07F106FB07F7FB
:108F90000CFB06F212EB074241EB174105FB0CFC00
:108FA00012EB0C4251EB1C414FF0000648BF7047DA
:108FB000921841EB0101A3F10103704703B401983A
:108FC0004100009850EAC12018BF04204A0D18BF84
:108FD00040F0010040F2FF72B2EB515F08BF40F079
:108FE0000200012808BF052002B0704741000802B6
:108FF00018BF04200A0E18BF40F001004FF07F4256
:1090000032EA010108BF40F00200012808BF052034
:109010007047000070B54FF068422DED048BF0EE04
:10902000408A18EE900AB0EE608A18EE101A02EB31
:109030004003B3F1654F3CBF02EB4102B2F1654F13
:109040007DD200BFC0F3C753C1F3C7529A1A1B2A7F
:1090500009DD10F0004F14BF9FED830A9FED830AD6
:10906000BDEC048B70BD12F11A0F36DA11F0004F0F
:1090700009D010F0004F0CBF9FED7D0A9FED7D0AD7
:10908000BDEC048B70BD88EE889A19EE100AFFF7CC
:10909000ADFF042808BF00F0ADFF18EE900AFFF7FF
:1090A000A5FF054618EE100AFFF7A0FF044619EECB
:1090B000100AFFF79BFF042D18BF052D08D1042CC3
:1090C00018BF052C04D1002804BF0220F7F7C9FA05
:1090D000B0EE490ABDEC048B70BD4200B2EB410F0B
:1090E0003AD910F0004F19BFDFED630A9FED630A14
:1090F000DFED630A9FED630AB0EE481A0A46B1EE4F
:10910000688A80F00041F0EE418A10460A1A520047
:10911000B2F1807F34D2484010F0004FDFED5A1A90
:109120009FED5A2A1DBFBEEE001A70EEE10A30EE26
:10913000420AB6EE001A08BF70EEA10A00E040E055
:1091400008BF30EE020AB0EE682A01EE482A08EEA7
:10915000818AC2EE081A15E011F0004F04BF9FED9E
:109160004C0AF0EE400AD1D010F0004F19BFDFEDED
:10917000490A9FED490ADFED490A9FED490AC5E713
:10918000C8EE881A21EEA11A9FED462ADFED462A85
:1091900041EE022A9FED452A01EE222ADFED442A04
:1091A00041EE022A9FED432ABDEC048B01EE222AF8
:1091B00021EE811A01EE020A30EE210A30EE200A79
:1091C00070BD4FF07F42B2EB400F28BFB2EB410FB2
:1091D00009D2F0EE480AB0EE680ABDEC048BBDE897
:1091E000704000F0FCBE40EA01035B0008BF41F0A4
:1091F000FF410BD0B2EB400F08BFB2EB410F08D1DB
:1092000020F0804008EE900A21F0804108EE101A0C
:1092100018E7B2EB400F12BF5FEA410340F0FF4096
:1092200001F000413FF40EAFB2EB410F12BF5FEA15
:10923000400200F0004041F0FF413FF403AF4A001C
:1092400092EA40033FF5FEAE002AACBF9FED1A0A3A
:109250009FED1A0A68EE808A28EE008A18EE900ABE
:1092600018EE101AEEE60000DB0FC9BFDB0FC93F96
:10927000DB0F4940DB0F49C00000C9BF22AAFDB97E
:109280000000C93F22AAFD390060ED3EC30ACE3777
:1092900000000000000049C022AA7DBA0000494039
:1092A00022AA7D3A2DAD65BD8FB8D53D0FB511BE53
:1092B00061C84C3EA8AAAABE0000804F0000802FC3
:1092C00010B52F499FED2C1B2DED020B84B0059896
:1092D00020F000408842D8BF9DED040B2DDD2949C8
:1092E000884209D1049840B94FF00100F7F7B9F965
:1092F00000F052FE06B010BD05DB9DED040B00F042
:109300003FFE06B010BD68469DED040B00F050FA1C
:1093100010F0030004BF9DED021B9DED000B0CD06F
:1093200001280ED09DED021B9DED000B022817D0E9
:10933000012000F08DFD06B010BD00F055FC06B018
:1093400010BD9DED021B9DED000B012000F080FD86
:1093500051EC100B00F02AFF06B041EC100B10BDD1
:1093600000F042FC51EC100B00F020FF06B041EC85
:10937000100B10BD00000000000000000000000005
:10938000FB21E93F0000F07F10EE101A08B5444AB7
:109390006846B2EB410F28D94FF0E640B0EB410FE1
:1093A00094BF00204FF0FF3000900098002861DB50
:1093B00060EE000A10F0010F45D010F0020FDFED53
:1093C000391A9FED391A00EEA11ADFED381A40EE76
:1093D000811A21EEA01AF0EE400A40EE010A08BF01
:1093E000F1EE600AB0EE600A08BD314B21F0004298
:1093F00093423CD911F0004FDFED2E0A20EE201AE7
:10940000DFED2D0A19BF31EE601A71EE200A31EE40
:10941000201A71EE600ABDEEE01A11EE100A9FEDFF
:10942000271A00F0030000EEC10A9FED251A0090F4
:1094300000EEC10A9FED231A00EEC10A9FED221A29
:1094400000EEC10AB1E79FED211A9FED210A10F04D
:10945000020F00EE810A9FED1F1A00EE801AB7EE90
:10946000000A00EE810A18BFB1EE400A08BD00F004
:10947000C9FD9AE710EE100A4000B0F17F4F3CBFE3
:10948000B7EE000A08BD07D14FF00100F7F7E9F881
:10949000BDE8084000F0A6BDBDE8084000F09CBD56
:1094A000B61F927E336D4CB9DA82083CA0AA2ABE60
:1094B000490E494683F9223F0000004B0000C93F96
:1094C00000A0FD390020A2331A61342CB93AB2BA97
:1094D000CA9F2A3DDDFFFFBE10B52F499FED2C1B13
:1094E0002DED020B84B0059820F000408842DCBFCF
:1094F00000209DED040B32DD2849884209D10498F3
:1095000040B94FF00100F7F7ACF800F045FD06B0A8
:1095100010BD05DB9DED040B00F032FD06B010BD63
:1095200068469DED040B00F043F910F0030011D0E4
:10953000012818D09DED021B9DED000B02281AD0CA
:1095400000F052FB51EC100B00F030FE06B041EC85
:10955000100B10BD9DED021B9DED000B012000F0D6
:1095600077FC06B010BD9DED021B9DED000B00F0D9
:109570003BFB06B010BD012000F06AFC51EC100B63
:1095800000F014FE06B041EC100B10BD000000000E
:109590000000000000000000FB21E93F0000F07F18
:1095A00000B510EE101A2DED028B81B0524A6846BC
:1095B000B2EB410F2ED94FF0E640B0EB410F94BF14
:1095C00000204FF0FF3000900098B0EE408A002855
:1095D0006ADB10F0010F4BD068EE080A9FED471AC6
:1095E0009FED470A00EE810A9FED461A10F0020F28
:1095F00000EE801AB7EE000A00EE810A02BF01B049
:10960000BDEC028B00BD00BF01B0B1EE400ABDEC65
:10961000028B00BD3C4B21F00042934241D911F036
:10962000004FDFED3A0A20EE201ADFED390A19BFAC
:1096300031EE601A71EE200A31EE201A71EE600AE6
:10964000BDEEE01A11EE100A9FED321A00F0030091
:1096500000EEC10A9FED301A009000EEC10A9FEDA6
:109660002F1A00EEC10A9FED2E1A00EEC10AABE7D9
:1096700028EE080A9FED2B1ADFED2B0A10F0020FDF
:1096800040EE010A9FED291A00EE201A61EE000A51
:10969000B0EE480A08EE200AB6D101B0BDEC028B4C
:1096A00000BD00F0AFFC8FE718EE100A4000B0F1EB
:1096B0007F4F0DD218EE100AFFF798FC042808BF60
:1096C00000F098FCB0EE480A01B0BDEC028B00BD82
:1096D00009D10120F6F7C5FF01B0BDEC028B5DF8A2
:1096E00004EB00F07FBC01B0B0EE480ABDEC028B89
:1096F0005DF804EB00F070BCB61F927EB93AB2BAC6
:10970000CA9F2A3DDDFFFFBE490E494683F9223F2D
:109710000000004B0000C93F00A0FD390020A2332B
:109720001A61342C336D4CB9DA82083CA0AA2ABEE7
:1097300000B52DED048BB0EE409AF0EE609A83B048
:1097400051EC190B01F098F941EC180B18EE100AC6
:1097500018EE901A8DED008B002818BF01200843E9
:1097600020F00040C0F17F6000F1E040C00F14D055
:1097700019EE101A19EE900A8DED009B002918BF02
:109780000121084320F00040C0F17F6000F1E0407B
:10979000C00F04BF0120F6F764FFB0EE480A03B023
:1097A000F0EE680ABDEC048B00BD00000000000074
:1097B0002DE9F14F04462DED020B2DED088B8AB0FB
:1097C0009FEDE70B80ED020B139EE74826F0004566
:1097D00085420ADC9DED120B002084ED000B0AB0DF
:1097E000BDEC088B03B0BDE8F08FE0489FEDE0AB27
:1097F0009FEDE1BBA84247DDE14F9FEDE39B9FED6D
:10980000E48B9DED120B53EC1A2B51EC100B002E38
:109810001CDD01F0FDF941EC100BBD4208D053EC0A
:109820001B2B51EC100B01F0F3F9C4E900010BE024
:1098300053EC192B51EC100B01F0EAF953EC182BF7
:1098400001F0E6F9C4E900010120C8E700F0ECFCF2
:1098500041EC100BBD4208D053EC1B2B51EC100B0C
:1098600000F0E2FCC4E900010BE053EC192B51ECD1
:10987000100B00F0D9FC53EC182B00F0D5FCC4E918
:1098800000014FF0FF30AAE7C348A84279DB9DED05
:10989000120B51EC100B00F066FC41EC180B9FED25
:1098A000C00B53EC102B00F0DDFF9FEDBF1B53EC02
:1098B000112B00F0B9FC00F003FF074600F02FFF6A
:1098C00041EC190B53EC1A2B00F0CCFF53EC182B86
:1098D00001F0C6F841EC180B53EC1B2B51EC190BA3
:1098E00000F0C0FFDFF8C8A241EC100B4FEA15589A
:1098F0000125FA4453EC102B51EC180B01F088F9B8
:10990000032DC4E900013DD0C1F30A5005EB451118
:10991000A8EB00001139814234DA0AEB051BB0EEE6
:1099200048AA9BED000BF0EE68AA53EC102B51EC0B
:10993000190B00F097FF41EC1B0B51EC1A0B53EC89
:109940001B2B01F065F941EC180B51EC1A0B53EC91
:10995000182B01F05DF953EC1B2B01F059F99BED2D
:10996000020B41EC1A0B53EC102B51EC190B00F0CD
:1099700079FF53EC1A2B01F04BF941EC100B6D1CE5
:10998000B8E70EE0002EA8BF3846BFF628AF94ED2A
:10999000000B51EC100B00F009FCC4E90001784207
:1099A0001DE7C6F3130040F4801EC6F30A50A0F270
:1099B000F530471100F01F05C5F12000DDF848B073
:1099C00008900020069007900520EC467949002D6C
:1099D00007EB0002794408BF51F8221009D051F872
:1099E000223001EB8201AB404A68089922FA01F16A
:1099F0001943A1FB0E26A1FB0B131A449A4234BF54
:109A00000123002303EB06080CEB8003D3E901A636
:109A10000E448E4234BF0121002192448A4411B188
:109A2000924502D903E0924501D2012100E00021D4
:109A3000C3E901A641444CF82010011EA0F1010029
:109A4000C4DC029800F10050850F0298DDE903673D
:109A50008000DDF8148000F062FE41EC1A0B304605
:109A600000F074FE9FED541B53EC112B00F0FAFE36
:109A700041EC1B0B384600F069FE9FED511B53EC87
:109A8000112B00F0EFFE41EC180B404600F05EFE9B
:109A90009FED4D1B53EC112B00F0E4FE41EC190B34
:109AA00051EC180B53EC192B00F0BEFB53EC1B2BA5
:109AB00000F0BAFB53EC1A2B00F0B6FBCDE908011D
:109AC000002008909DED080B53EC1A2B51EC100B65
:109AD00001F09EF853EC1B2B01F09AF853EC182B75
:109AE00001F096F853EC192B00F0BAFF9FED381BEC
:109AF00053EC112B00F0B6FE9FED370B41EC180B29
:109B000053EC102B9DED080B51EC100B00F0AAFE4E
:109B100053EC182B00F088FB9FED310B41EC180B38
:109B200053EC102B9DED080B51EC100B00F09AFE3E
:109B300053EC182B00F078FB41EC100B139810F04D
:109B4000004F06D06D4251EC100B00F02FFB41ECA2
:109B5000100B284684ED000B41E6000000000000D9
:109B60000000000000000000FB21E93F7CD902401A
:109B700000004054FB21F93F3163621A61B4D03DCB
:109B8000FB21F93F000000000000601A61B4D03DE5
:109B90007370032E8A19A33BFB213941000000009A
:109BA00083C8C96D305FE43F000000000000E03F63
:109BB0008A160000D8150000000000000000103ECA
:109BC000000000000000103C000000000000103AFF
:109BD000182D4454FB21F93D3326A611460B113CA8
:109BE00000000054FB21F93D10B52DED040B2DEDC7
:109BF000088B82B0B0EE419AF0EE619A0B9820F09B
:109C000000449FED4BABB4F1795F11DA9DED0A0B87
:109C100051EC100B00F054FD002801BFB0EE4A0AD1
:109C2000F0EE6A0A02B0BDEC088B04BF04B010BDB0
:109C30009DED0A0B53EC102B51EC100B00F012FEB3
:109C400041EC180B3C480621B0EE480AF0EE680AD9
:109C5000784400F081F853EC182B51EC100B00F015
:109C600001FE9DED0A0B41EC1B0B53EC192B51EC43
:109C7000100B00F0F7FD41EC190B53EC1B2B51ECD2
:109C8000180B00F0EFFD53EC192B00F0C1FF9FED16
:109C90002C0B41EC190B53EC102B51EC180B00F072
:109CA000E1FD41EC100B2848844210DA53EC192BEB
:109CB00051EC100B00F0ACFF53EC1A2B00F0D0FE6F
:109CC00041EC100B02B0BDEC088B04B010BD1F4876
:109CD000A042BCBF9FED1E1B8DED001B06DBA4F553
:109CE00000100190002000909DED001B51EC100B26
:109CF00053EC112B00F08CFF9DED000B41EC180B89
:109D000053EC102B51EC1A0B00F082FF41EC1A0BB4
:109D100053EC192B51EC180B00F07AFF53EC1A2B73
:109D200000F09EFE41EC100BCCE7000000000000AC
:109D3000000000000000F03FFC12000000000000E6
:109D4000000000000000E03F3333D33F0000E93F54
:109D5000000000000000D23F70B504462DED028BDC
:109D60004D1E00EBC500B0EE408AF0EE608A90ED2B
:109D7000000B35F0060017D053EC182B51EC100BEC
:109D800000F070FD41EC100B6D1E04EBC50090ED72
:109D9000001B51EC100B53EC112B00F045FA41EC79
:109DA000100B35F00600E7D1022D36D0042D1CD063
:109DB000062D1CBFBDEC028B70BD53EC182B51EC73
:109DC000100B00F04FFD94ED0A1B53EC112B00F02B
:109DD0002BFA53EC182B00F045FD94ED081B53ECC7
:109DE000112B00F021FA41EC100B53EC182B51EC25
:109DF000100B00F037FD94ED061B53EC112B00F017
:109E000013FA53EC182B00F02DFD94ED040B53ECDA
:109E1000102B00F009FA41EC100B53EC182B51EC0D
:109E2000100B00F01FFD94ED021B53EC112B00F002
:109E3000FBF953EC182B00F015FD94ED001B53ECCF
:109E4000112B00F0F1F9BDEC028B41EC100B70BD51
:109E500031B504462DED040B2DED0A8BB0EE41BA61
:109E6000F0EE61BA0B989DED0A0B20F00040B0F1C6
:109E7000795F0DDA51EC100BFFF7A0F8042808BF4A
:109E800000F09AF89DED0A0BBDEC0A8B05B030BDD1
:109E900053EC102B51EC100B00F0E4FC41EC180BD0
:109EA0009DED0A0B53EC182B51EC100B00F0DAFC73
:109EB00041EC190B2C48B0EE480AF0EE680A052177
:109EC0007844FFF749FF9FED2ACBB0EE40AAF0EEB1
:109ED00060AA9CB353EC1C2B51EC190B00F0C2FC94
:109EE00041EC1C0B53EC1A2B51EC190B00F0BAFC93
:109EF0009FED210B41EC190B53EC102B51EC1B0B7C
:109F000000F0B0FC53EC192B00F082FE53EC182B40
:109F100000F0A8FC53EC1B2B00F07AFE53EC1C2B3A
:109F200000F076FE9DED0A1B53EC112B00F098FD1E
:109F3000BDEC0A8B05B041EC100B30BDFFE753ECD4
:109F40001A2B51EC180B00F08DFC53EC1C2B00F07D
:109F50006BF953EC192B00F085FC9DED0A1B53ECBB
:109F6000112B00F061F9E3E7AC11000000000000E4
:109F7000495555555555C5BF000000000000E03F4C
:109F800010B553EC102B51EC100B00F04DF941ECD7
:109F9000100B10BD000000009FED050B10B553EC39
:109FA000102B51EC100B00F0F3F941EC100B10BD2D
:109FB00000000000000000009FED050B10B553EC01
:109FC000102B51EC100B00F04DFC41EC100B10BDB0
:109FD000000000000000001030EE000A704730EE74
:109FE000200A7047DFED020A80EEA00A70470000E9
:109FF000000000009FED020A20EE000A70470000FA
:10A00000000000102DE9F0014FF07F42B2EB410F4C
:10A010009FBF4FF0FF310160BDE8F00170474FF086
:10A02000004242EA0123C1F3C752783A551112F0B7
:10A030001F0C434CCCF120067C44C1F3C752A2F163
:10A0400078024FEA621204EB820254F8254008BFFE
:10A05000D2E9015612D0556804FA0CF425FA06F735
:10A060003C43976805FA0CF527FA06F8D26807FA18
:10A070000CFCF24045EA08054CEA0206A4FB034C3E
:10A08000A5FB0352A6FB03631D449D4234BF01267A
:10A0900000261319334416B1934202D903E09342C8
:10A0A00001D2012200E00022624402F1200C92065B
:10A0B000DC0C42EA443200EE102A5B03DFED210A99
:10A0C000F8EEC01A00EE103A4FEA9C1C11F0004F57
:10A0D000B8EE400AC0F800C020EE201A00EE105A78
:10A0E000DFED190AB8EE400A20EE200A71EE810A6F
:10A0F00070EE800A10EE902A02F500626FF30B02F8
:10A1000000EE902A70EEE11A31EEC11ADFED101A5E
:10A1100030EE411A9FED0D0A20EE800A01EE210A71
:10A120009FED0C1A00EE810A04BFBDE8F0017047F4
:10A13000CCF180510160BDE8F001B1EE400A7047FA
:10A1400010100000000000360000802C22AAFD291B
:10A15000DB0FC92F0000C92F30380A2801D2012097
:10A1600070470020704782B0CDE9000121F0004027
:10A1700001909DED000B02B051EC100B70470000F8
:10A1800010B500290AD00878002807D0054878447F
:10A19000F6F726FE002801D0002010BD02487844C2
:10A1A00010BD0000861700007E17000081F00041FE
:10A1B000704780F00040704721F00041704720F068
:10A1C0000040704721F0004201F00043A2F16052CC
:10A1D000B2F5801F28BFD2F17F6C0BD95FEA001C5B
:10A1E00043EAC20242EB507018BF704728BF20F00C
:10A1F00001007047B2F5801FBCBF184670474FEA98
:10A20000410C1CF5001F02D2084600F097BE70B545
:10A2100000F0D2FB00000089FFF7F6BF4FF00040CE
:10A22000A0F580007047000010B591EA030F48BF09
:10A2300083F0004300F1F484841A71EB030C05D21F
:10A24000121943EB0C03001B61EB0C014FEA115494
:10A25000A4EB135CDFF81CE11EEA430F18BF9EEA73
:10A26000445F00F0748021EA045123EA0E0343F4B2
:10A270008013DCF1200E32D322FA0CFE10EB0E001C
:10A2800023FA0CFE41EB0E01CCF1200E03FA0EFE78
:10A2900010EB0E00CCF1200E51F10001B1F5801F42
:10A2A00032D201EB045112FA0EF2BDE8104058BF51
:10A2B0007047401C38BF5FEA420218BF7047002851
:10A2C00014BF20F0010041F100014FEA410313F5F2
:10A2D000001F38BF7047A1F1C04100F0BBBB012A8D
:10A2E00043EB0302ACF1200CDCF11F0E32BF4FF048
:10A2F000000E23FA0CF310EB030041EB0451B4EB16
:10A30000115FD0D0A1EB045101F58011490801EB98
:10A3100004515FEA30000ED350F1000038BF12FA4A
:10A320000EFE08D1BDE81040C9E7401C38BF5FEA07
:10A330004202CAD1C3E7BDE810404FEA410313F51A
:10A34000001F38BF7047A1F1C04100F083BB9EEAF7
:10A35000445F08D011EA5E0FBDE8104004BF01F071
:10A36000004100207047BDE8104070B500F024FBAC
:10A3700064FBBE3E0000E0FF491058BFC1F1404100
:10A380005B1058BFC3F140438B42EFF3008070472E
:10A390002DE9C04130B4DFF8A8C23CEA111418BF5F
:10A3A0003CEA131400F0F0801CEA111481EA030562
:10A3B00044EAD57418BF1CEA131500F0CB80A4EB57
:10A3C000050404F17F7404F500344FF0004545EABC
:10A3D000C12145EAC32341EA505143EA52534FEAAF
:10A3E000C0204FEAC222994208BF904200F0A080EC
:10A3F0004FEA13650FF24816765D4FEA134506FBE8
:10A4000005F7C7F1807706FB07F74FEAD737A7FBB9
:10A4100003687642A7FB06CEC8F5803838BFA8F19E
:10A42000010807FB08E6A6FB028C4FF0000EE6FBD6
:10A4300003CED8F100086FEA0C0C5CF1000C6FEA57
:10A440000E0E4EF1004EA6FB0C584FF00007E6FB37
:10A450000E87A1FB08C6A0FB07CE16EB0E064FF039
:10A46000000545F10005E1FB076515F1E04E7EBFF3
:10A47000A4F580345FEA46066D4116F1800745F188
:10A4800000054FEA172747EA05674FEA15254FEA07
:10A490000666A6F1DE46B6F1805F20D9384605EBA8
:10A4A000C47124F0010C01EB0C11BCF1FE6F02D859
:10A4B000F0BCBDE8008124425CBF01F5801E9EEA2D
:10A4C000C47F02D4F0BCBDE80081244200F1398091
:10A4D000A1F1C041F0BCBDE8004100F0BBBA4FEAB9
:10A4E000D02040EA41504FEAD1214FEAD22242EA3D
:10A4F00043524FEAD323A7FB028607FB036605FB03
:10A5000002661EEA0E0F58BFA6EB0056B6EB0056C9
:10A510004FEA520E4EEAC37E18EB0E0E56EB530E68
:10A52000BCD518EB02085E417F1C55F10005B5E76C
:10A530004FF480154FF000074FF000064FF0000871
:10A54000ACE701F1C04101F000414FF00000F0BC68
:10A55000BDE800810CEA131511EA0C1F00D00CE0D5
:10A5600013EA0C1F00F025804FF0000081EA030180
:10A5700001F00041F0BCBDE80081F0BCBDE8004145
:10A5800081EA030100F066BAF0BCBDE8004170B595
:10A5900000F012FA097EFC3E00F007B84FF0000010
:10A5A00081EA030101F00041704781EA030100F0F4
:10A5B00051BAF0BCBDE8004122494FF0000070479D
:10A5C000FFFDFBF9F7F5F4F2F0EEEDEBE9E8E6E478
:10A5D000E3E1E0DEDDDBDAD8D7D5D4D3D1D0CFCDFF
:10A5E000CCCBCAC8C7C6C5C4C2C1C0BFBEBDBCBB38
:10A5F000BAB9B8B7B6B5B4B3B2B1B0AFAEADACAB33
:10A60000AAA9A8A8A7A6A5A4A3A3A2A1A09F9F9E0C
:10A610009D9C9C9B9A9999989797969595949393BE
:10A62000929191908F8F8E8E8D8C8C8B8B8A898955
:10A6300088888787868585848483838282818180D8
:10A640000000FF070000F87F51EA030C17D41CF547
:10A65000801F58BFBCF5801F00F10680994218BFCB
:10A66000704708BF9042704707D711F5801F58BF49
:10A6700013F5801F19D499427047894270471CF521
:10A68000801F08D5BCF5801FF7D58B4218BF7047D7
:10A6900008BF824270474FF4001C1CEB410F38BFCB
:10A6A0001CEB430F01D28B42704770B500F084F968
:10A6B000922449004FF000514FF08053FFF75CBEE9
:10A6C0004FEA41034FEA5353A3F58063D3F11E03CE
:10A6D000C8BFD3F1210C0CDD4FF0004242EAC12289
:10A6E00042EA505232FA03FC8CEAE17CACEBE170B6
:10A6F0007047102BC4BF0020704703F5787CBCF175
:10A70000FF3F04D06FF0004282EA2100704770B52D
:10A7100000F052F94992248000207047F2E710F0CF
:10A72000004248BF4042B0FA80F310FA03F10AD069
:10A73000C3F11D0303F5806302EB03524FEA41505E
:10A7400002EBD12170474FF000007047B0FA80F360
:10A7500010FA03F10AD0C3F11D0303F580634FEA39
:10A7600003524FEA415002EBD12170474FF00000F5
:10A770007047000051EA030C17D41CF5801F58BF26
:10A78000BCF5801F00F10680994218BF704708BFD2
:10A790009042704707D711F5801F58BF13F5801FEF
:10A7A00019D499427047894270471CF5801F08D51B
:10A7B000BCF5801FF7D58B4218BF704708BF824297
:10A7C00070474FF4001C1CEB410F38BF1CEB430FCC
:10A7D00001D28B42704770B500F0EEF89224490028
:10A7E0004FF080514FF00053FFF7C6BD51EA030C04
:10A7F00017D41CF5801F58BFBCF5801F00F10680E0
:10A80000994218BF704708BF9042704707D711F5AB
:10A81000801F58BF13F5801F19D499427047894291
:10A8200070471CF5801F08D5BCF5801FF7D58B42FB
:10A8300018BF704708BF824270474FF4001C1CEBE2
:10A84000410F38BF1CEB430F01D28B42704770B5EC
:10A8500000F0B2F8922449004FF000514FF08053BD
:10A86000FFF78ABD70B5DFF848C11CEA111E1EBF94
:10A870001CEA13159EEA0C0F95EA0C0F00F06F808E
:10A8800081EA03044EEAD47EAE4421EA4C1123EA65
:10A890004C1341F4801143F48013AEF17F7EA1FB91
:10A8A000024CA0FB0365361955EB0C05A1FB034CCC
:10A8B0004CF10003A0FB021C16EB0C06654153F1A2
:10A8C0000003094218BF46F0010613F4007F0BD1C4
:10A8D0004FEA03314FEA053041EA155140EA16507C
:10A8E00034036FF003020AE04FEAC3214FEAC520A8
:10A8F00041EA555140EA5650F4026FF0020202EB71
:10A900002E4201EB025585EACE710AD05FEA440C73
:10A9100018BF24F0004450F1000041F1000120EA8A
:10A92000D47040F2FE7C624500D270BDA84214BFD4
:10A930004FF080444FF04044002E08BF0024BEF189
:10A94000806FA8BFA1F1C041BDE8704080F2828055
:10A9500001F1C04101F000414FF0000070470CEAE6
:10A9600013159EEA0C0F18BF95EA0C0F06D081EA6A
:10A97000030E4FF000000EF0004170BD00F01CF817
:10A980008900013E00F007B800F009B84FEA430C17
:10A990005FEA5C5C08D081EA030100F05BB84FEA33
:10A9A000410C5FEA5C5CF6D102494FF00000704751
:10A9B0000000FF070000F87F0EF1020E2EF0030EDC
:10A9C0005EF8046B364205D4012A43EB030515F506
:10A9D000001F12D8012841EB010C1CF5001F0CD8F8
:10A9E0000ED14FEAD17C0CEB4C0C0CF1020C15F59E
:10A9F000001F08BF4CEBD37C04E04FF0080C01E0D3
:10AA00004FEAD37C0CEB4C0526FA05F606F0070658
:10AA1000B6F1040C06D20EEB860CBDE870404CF08B
:10AA2000010C6047DFE80CF0090B02024FF0004117
:10AA3000A1F500214FF0000070BD19461046012815
:10AA400051EB010418BFD4F5001484BF002001F0BD
:10AA5000004170BD0808A0F500114FEA31017047B0
:10AA600010B591EA030F81F000413FF5E5AB83F0AB
:10AA7000004300F0D5B800002DE9F04101F5801C3D
:10AA8000BCF5001FC0F2A9804FEA115C21EA0C510D
:10AA900041F480110CF1FD0C5FEA5C0C0CF5C07CFC
:10AAA00001D340004941890241EA905187022EA416
:10AAB0008E0EA45D0A0C04FB04F602FB06F6C6F13A
:10AAC0004046A4FB0662F60D46EA422606FB06F463
:10AAD000A4FB01235242C3F1404338BF5B1EA6FBD7
:10AAE00002420024E6FB0324D20B42EA4446A6FBC2
:10AAF0000623A1FB02E2A3FB07E4E3FB61426442FD
:10AB0000C2F1404E38BFAEF1010EA6FB04234FF058
:10AB10000002E6FB0E32A2FB03463400E2FB626455
:10AB2000A1FB06E6A4FB07E8E4FB61687642C8F1F6
:10AB3000405838BFA8F10108A2FB06E4A3FB08E5D2
:10AB4000E2FB6854A1FB05E6A7FB04E8E1FB648691
:10AB500018F1200556F10006A80940EA8660B109FF
:10AB6000A8F11B0808F03F08B8F10A0F1CD901EB47
:10AB70000C51BDE8F08100BFFCF5EEE8E2DDD8D372
:10AB8000CFCBC7C3C0BDB9B6B4B1AEACA9A7A5A35E
:10AB9000A19F9D9B9A9896959392908F8D8C8B896F
:10ABA0008887868584838281A0FB006800FB01F290
:10ABB00008EB4208B8EB872807D5341858EB010496
:10ABC000D5D5401C51F10001D1E7341A78EB0104CE
:10ABD000CDD4401E71F10001C9E75FEA4C0C5FEA79
:10ABE0009C5C0DD105D301F000414FF00000BDE8A1
:10ABF000F081BDE8F04170B5FFF7DEFE6DDBFFBE12
:10AC0000BDE8F04101494FF0000070470000F87FB7
:10AC100010B591EA030F48BF83F000433FF50CAB3A
:10AC2000841A71EB030C07D28CF0004C121943EB21
:10AC30000C03001B61EB0C014FEA1154A4EB135CF5
:10AC4000DFF8A4E11EEA430F18BF9EEA445F00F05C
:10AC5000B48021EA045123EA6E035242C3EB6E032F
:10AC600038BF5B1EDCF1200E25D322FA0CFE10EB60
:10AC70000E0043FA0CFE41EB0E01CCF1200E03FA5C
:10AC80000EFE10EB0E00CCF1200E51F1000129D484
:10AC900001EB045112FA0EF2BDE8104058BF7047A4
:10ACA000401C1CBFB2F1004F704700280CBF491C6C
:10ACB00020F00100704712EB020E43EB030218BFB5
:10ACC0004FF0010E4EEA4202ACF1200CDCF11E0EF8
:10ACD00056D943FA0CFE10EB0E00CCF11E0E51F1CA
:10ACE000FF31D5D50EF1010E12FA0EFE404141EBB7
:10ACF000010101EB445C5FEA5C5C10D901EB04519B
:10AD000010EBDE7038BFBEF1004FBDE8104018BF39
:10AD1000704700280CBF491C20F00100704734D256
:10AD20004FEAD42C24F4006411F500111BD0B1FAC1
:10AD300081F20B3AA41AA41ED2F12003914030FAFA
:10AD400003F31943904001EBCC7101EB0451002C4B
:10AD5000BDE81040A8BF704701F1C04101F00041BB
:10AD60004FF000007047B0FA80F310FA03F102D1FF
:10AD7000BDE810407047E41A173C4805C90AE2E7ED
:10AD800001EB0451BDE81040704749104FEA300014
:10AD900001EB0451BDE8104002E04FF000017047A4
:10ADA0004A0008BF0042F8D0B2F5001F28BF704724
:10ADB00001F000414FF0000070479EEA445F07D069
:10ADC00011EA5E0FBDE8104004BF0021002070476B
:10ADD000BDE8104070B5FFF7EFFD00BF40DFF63E65
:10ADE000104683F0004170470000E0FF43004FEA47
:10ADF000D30C4FEA3C0C43401FBF40070CF160519D
:10AE000013F0FE4F70471CF0006F03D10CF00041AF
:10AE1000002070470CF0004343EA507040EACC0039
:10AE200010B500F038F800BF000000924FEA0001B2
:10AE3000FFF710BE4FF00041A1F500214FF00000D8
:10AE4000704710B5FFF700FC0CBF0120002010BDBB
:10AE500010B5FFF7F9FB14BF0120002010BD10B59D
:10AE6000FFF788FC8CBF0120002010BD10B5FFF754
:10AE700081FC2CBF0120002010BD10B5FFF7B6FCEF
:10AE800094BF0120002010BD10B5FFF7AFFC34BF08
:10AE90000120002010BD0EF1020E2EF0030E5EF810
:10AEA000044B244204D44FEA4102B2F17F4F11D83F
:10AEB0004FEA4003B3F17F4F0CD80ED14FEAD07C5C
:10AEC0000CEB4C0C0CF1020CB2F17F4F08BF4CEBB9
:10AED000D17C04E04FF0080C01E04FEAD17C0CEB90
:10AEE0004C0324FA03F404F00704B4F1040C06D272
:10AEF0000EEB840CBDE810404CF0010C6047DFE81D
:10AF00000CF0070802024FF00040A0F5800010BDD1
:10AF10000846420018BFD2F1807288BF00F000409E
:10AF200010BDF1EE100A4FF6FF71C0F2C03120EAF9
:10AF3000010040F04070E1EE100A7047FF2141EA45
:10AF4000D050C0057047F5F7C3BC000000000000FA
:10AF50004C5555555555A53F7751C1166CC156BF37
:10AF60009015CB19A001FA3EAD529C804F7E92BE47
:10AF7000C4B1B4BD9EEE213ED43888BEE9FAA8BD66
:10AF800000004054FB21F93F3163621A61B4D03DA7
:10AF90000000601A61B4D03D7370032E8A19A33B80
:10AFA0000000002E8A19A33BC14920259A837B39D2
:10AFB00000000000000000006E83F9A22915444E35
:10AFC000D15727FCC0DD34F5999562DB4190433CB5
:10AFD000AB6351FE61C5BBDE3A6E24B7E0D24D4291
:10AFE000EA2E49061C92D1091CEB1DFE3EA729B191
:10AFF000F53582E88444BB2E26709CE9417E5FB41F
:10B0000039D69139F43953838B5F849C3B28F9BD41
:10B01000FF97F81F0F9805DE8B112FEF1F6D0A5A4F
:10B02000CF7E366DB709CB27663F464F2DEA5F9E30
:10B03000C7BA27757BF1E5EBF739073DEA92528AEB
:10B04000B15FFB6B085D8D1F4630035600000000AA
:10B050006E83F9A22915444ED15727FCC0DD34F583
:10B06000999562DB4190433CAB6351FE00000000C8
:10B07000A6F810111111813FD561C119A0012ABF95
:10B080007DFEB157E31DC73EEB9C2B8AE6E55ABE19
:10B090007CD5CF5A3AD9E53D02400000000000A01F
:10B0A0000000000005400000000000C80000000093
:10B0B0000C4000000000409C00000000194000000F
:10B0C0000020BCBE0000000034400000BFC91B8E41
:10B0D00000000004B5400000504BCFD06607E2CF1F
:10B0E000010000006C4100003E8251AADFEEA7344F
:10B0F00001000000D9420000DCB5A0E23A301F9701
:10B10000FFFFFFFFB4450000FD25A0C8E9A3C14F24
:10B11000FFFFFFFFFF3F0000000000800000000075
:10B12000FF3F000000000080000000000000000061
:10B1300000000000010203040607080900000000E7
:10B1400001020304000000000000000000000000F5
:10B1500000000000000000000010001000100010AF
:10B16000001000100000001000000000002800285F
:10B1700000280000000000000000000000000000A7
:10B1800000240024007C00240048007C0048004883
:10B190000000000000380054005000380014005433
:10B1A0000054003800100000002000540058003007
:10B1B00000280054001400080000000000100028BF
:10B1C000002800100034004800480034000000004F
:10B1D000001000100010000000000000000000003F
:10B1E00000000000000800100020002000200020C7
:10B1F00000200020001000080020001000080008B7
:10B2000000080008000800080010002000100038A6
:10B2100000100028000000000000000000000000F6
:10B220000000000000100010007C00100010000062
:10B23000000000000000000000000000000000000E
:10B2400000000010001000100000000000000000CE
:10B2500000000038000000000000000000000000B6
:10B2600000000000000000000000001000000000CE
:10B27000000800080010001000100010002000203E
:10B280000000000000380044004400540044004422
:10B290000044003800000000001000300050001092
:10B2A00000100010001000100000000000380044E2
:10B2B00000440004000800100020007C0000000092
:10B2C0000038004400040018000400040044003862
:10B2D0000000000000080018002800280048007C3A
:10B2E0000008000800000000007C004000400078DA
:10B2F000000400040044003800000000003800444E
:10B300000040007800440044004400380000000081
:10B31000007C000400080010001000200020002025
:10B32000000000000038004400440038004400449D
:10B33000004400380000000000380044004400448D
:10B34000003C000400440038000000000000000041
:10B3500000100000000000000000001000000000CD
:10B3600000000000000000100000000000000010BD
:10B370000010001000000000000C00300040003001
:10B38000000C000000000000000000000000007C35
:10B390000000007C00000000000000000000000031
:10B3A00000600018000400180060000000000000A9
:10B3B00000380044000400080010001000000010D5
:10B3C0000000000000380044004C0054005C0040C5
:10B3D000004000380000000000100028002800286D
:10B3E0000028007C00440044000000000078004475
:10B3F000004400780044004400440078000000004D
:10B400000038004400400040004000400044003844
:10B410000000000000700048004400440044004464
:10B420000048007000000000007C00400040007CEC
:10B43000004000400040007C00000000007C004014
:10B440000040007800400040004000400000000044
:10B450000038004400400040005C004400440038D4
:10B4600000000000004400440044007C004400440C
:10B4700000440044000000000038001000100010DC
:10B48000001000100010003800000000000400044C
:10B490000004000400040004004400380000000020
:10B4A000004400480050006000500048004800443C
:10B4B000000000000040004000400040004000400C
:10B4C0000040007C000000000044006C006C005450
:10B4D00000440044004400440000000000440064B4
:10B4E000006400540054004C004C00440000000074
:10B4F0000038004400440044004400440044003844
:10B50000000000000078004400440044007800403F
:10B5100000400040000000000038004400440044A7
:10B520000044004400540038000400000078004447
:10B530000044004400780048004800440000000037
:10B540000038004400400030000800040044003887
:10B5500000000000007C001000100010001000101F
:10B5600000100010000000000044004400440044AB
:10B57000004400440044003800000000004400443F
:10B5800000440028002800280010001000000000DF
:10B5900000440044005400540054006C002800286B
:10B5A00000000000004400280028001000100028BF
:10B5B0000028004400000000004400440028002847
:10B5C000001000100010001000000000007C0004BB
:10B5D00000080010001000200040007C0000000067
:10B5E00000180010001000100010001000100010D3
:10B5F00000100018002000200010001000100010A3
:10B6000000080008000000000030001000100010CA
:10B610000010001000100010001000300010002872
:10B6200000280044000000000000000000000000AE
:10B63000000000000000000000000000000000000A
:10B64000000000FE002000100000000000000000CC
:10B65000000000000000000000000000003800446E
:10B66000003C0044004C003400000000004000405A
:10B6700000580064004400440064005800000000CA
:10B680000000000000380044004000400044003842
:10B6900000000000000400040034004C004400449A
:10B6A000004C00340000000000000000003800449E
:10B6B000007C00400044003800000000000C001036
:10B6C000007C0010001000100010001000000000AE
:10B6D000000000000034004C00440044004C0034E2
:10B6E000000400780040004000580064004400441A
:10B6F0000044004400000000001000000070001032
:10B7000000100010001000100000000000100000E9
:10B71000007000100010001000100010001000E079
:10B7200000400040004800500060005000480044C5
:10B730000000000000700010001000100010001049
:10B74000001000100000000000000000007800540D
:10B750000054005400540054000000000000000099
:10B76000005800640044004400440044000000000D
:10B770000000000000380044004400440044003849
:10B780000000000000000000005800640044004475
:10B790000064005800400040000000000034004CED
:10B7A00000440044004C0034000400040000000089
:10B7B00000580064004000400040004000000000CD
:10B7C0000000000000380044003000080044003849
:10B7D0000000000000200020007800200020002051
:10B7E0000020001800000000000000000044004499
:10B7F00000440044004C0034000000000000000041
:10B800000044004400280028002800100000000028
:10B8100000000000005400540054006C0028002870
:10B82000000000000000000000440028001000108C
:10B830000028004400000000000000000044004414
:10B840000028002800100010001000600000000018
:10B85000007C0008001000200040007C0000000078
:10B860000018001000100010002000200010001030
:10B870000010001800100010001000100010001040
:10B880000010001000100010003000100010001018
:10B890000008000800100010001000300000000038
:10B8A00000000074004C00000000000000000000D8
:10B8B000070A000044B10008000000000200000078
:10B8C000040000000800000010000000FDFFFFFF62
:10B8D000FBFFFFFFF7FFFFFFEFFFFFFFFFFDFFFF96
:10B8E000FFFBFFFFFFF7FFFFFFEFFFFF0006101654
:10B8F0000006101630B900080000002030000000DB
:10B90000EC01000860B900083000002020110000A0
:10B910000C0200081C00000043000000F8FFFFFFBD
:10B920000C0000000E0000000F0000002E000000C0
:10B930000100000010000000CDCC4C3DCDCC4C3DB2
:10B940000024F4000A005200000100000000000082
:10B9500000000000000000000000000000000000E7
:040000050800018965
:00000001FF
